DME_MAMKTGADYR,DME_GTAAAAATTT,DME_GAATTATTAA,DME_KSMBGCAMTH,DME_ATATTGCA,DECOD_Motif6_10,DME_TRCHBBAGRA,DME_CAAATTTG,DME_TGTAAACA,DME_GAARCTAM,DME_AARCAAAAAW,DME_AACATTTACCCAAATA,DME_TTGAAAAC,DME_YTKWSRVAAGAA,DME_GMRAWKWAMRKS,DME_GTKMYWAYMB,DME_AATACAATTA,DME_ACATTCTKCAACATTT,DME_SAKKCARWRK,DME_GSTGDRTYMM,DME_CCAAATAATCATAA,DME_MTMAKAAMGA,DME_TKCYGVAWHC,DME_CTTYCWYYNC,gimme_97_MDmodule_Motif.12.2,DME_AAAATCAC,DME_AAGTGMKKVM,DME_AACAAATTAT,DME_TTACCCAAATAATCAT,DME_TCWTCAAYWT,DME_AAACARTMATMT,DME_GAATBAMTSA,DME_TYMKTAAATWAS,DME_TGAAKSAC,gimme_163_MEME_8_w14,DME_AATTAAAATC,DME_AAAACAATTA,DME_SWTKMACKMY,DME_AAATGTTGMAGAAT,DME_YTCWCAARWA,DME_ATCAAAAC,DECOD_Motif4_8,DME_MGCTRWAT,DME_MAACACMA,DME_GTAAACAA,DME_VYMBAAATMAKC,DME_TAATCATAAAAGGGTT,gimme_138_MEME_3_w10,DME_MAAAAKGG,gimme_176_Weeder_11,DME_MYMGCTSWRW,DME_TTTYRMRVMC,DME_TGCMCAAW,DME_AARGRTCA,DME_TYTATTCACAAGTA,DME_GARWSAKAAT,DME_TTCRMKAYVR,DME_AATAGCAT,DME_VRGAAGHRBA,DME_TAATAATAATAA,DME_AATCADTKCR,DME_TYGWMACMWB,DME_GCAAAMMA,DME_GAAAMCHG,DECOD_Motif7_10,DME_GACAATTT,gimme_111_MDmodule_Motif.14.6,DME_GACAAATT,DME_TCYWTCYAWH,DME_RYKGCDAYAT,DECOD_Motif3_10,Class
1,1,0,1,0,1,1,0,1,1,1,0,0,1,1,1,1,0,0,1,1,1,0,0,1,0,0,0,1,0,1,1,0,1,0,1,1,0,0,1,0,0,1,0,0,1,0,1,1,1,1,1,0,0,1,1,0,0,1,1,1,1,1,0,1,1,0,0,0,1,0,pos
1,0,1,1,1,0,0,0,0,1,0,1,0,0,1,0,0,1,0,0,0,0,0,0,1,0,1,1,0,0,0,1,0,1,0,1,1,1,1,0,0,0,1,0,0,1,0,1,0,1,0,0,0,0,0,0,1,1,1,1,0,0,0,0,0,1,0,1,0,1,0,pos
1,1,1,0,1,1,0,0,0,0,0,0,0,1,0,0,1,0,1,0,1,1,0,0,1,1,1,0,1,1,1,0,0,0,1,0,0,0,1,1,0,0,1,0,0,1,0,1,1,1,0,0,0,0,0,1,0,1,0,1,1,0,1,0,1,0,0,0,1,0,1,pos
1,1,0,0,1,1,1,1,0,0,1,0,0,1,1,1,0,1,0,1,1,1,0,0,1,0,0,1,1,1,1,1,1,0,0,1,1,1,1,1,0,1,1,1,0,0,0,1,0,1,1,1,0,0,0,0,1,1,1,1,0,0,0,1,1,0,0,1,0,0,1,pos
1,1,1,0,0,1,0,1,1,0,0,0,0,1,0,0,0,1,1,0,0,0,1,1,1,0,0,1,1,0,0,0,0,0,1,1,0,0,1,0,1,0,1,0,1,0,0,1,1,1,0,0,1,0,1,0,1,0,1,1,1,1,1,1,1,0,0,0,1,0,1,pos
1,1,1,0,0,1,1,0,1,1,1,0,1,0,1,1,1,0,0,1,1,1,0,1,1,1,0,1,0,1,1,0,1,1,1,1,1,0,0,0,0,0,1,1,0,1,1,1,1,1,1,1,0,1,1,1,1,1,0,1,0,0,0,1,1,0,0,0,1,0,1,pos
1,1,1,1,0,1,1,1,0,0,1,1,0,1,1,0,0,1,0,1,0,0,1,0,0,0,1,0,0,1,1,1,1,1,1,1,1,0,1,0,1,1,1,0,1,0,0,1,0,1,1,1,0,1,1,1,0,0,1,1,0,0,1,1,0,1,0,0,1,0,1,pos
0,1,0,0,1,1,0,0,0,0,1,0,1,1,1,0,0,0,0,1,0,1,1,0,1,0,0,1,0,0,1,1,1,1,1,0,1,1,1,0,0,0,1,0,0,1,1,0,1,1,0,0,1,0,0,0,1,0,0,1,0,1,1,1,1,1,1,1,0,0,1,pos
1,1,1,1,0,1,1,1,0,0,1,1,0,1,1,0,0,1,0,1,0,0,1,0,0,0,1,0,0,1,1,1,1,1,1,1,1,0,1,0,1,1,1,0,1,0,0,0,0,1,1,1,0,1,1,1,0,0,1,1,0,0,1,1,0,1,0,0,1,0,1,pos
1,1,1,0,1,1,0,1,0,0,1,1,0,0,1,1,1,1,1,0,1,0,1,0,1,0,0,1,0,1,0,1,1,1,1,1,1,1,1,1,0,0,1,0,0,1,1,1,0,1,0,0,0,1,0,0,0,0,1,1,1,0,1,0,1,0,1,0,1,1,1,pos
0,0,0,1,0,0,1,0,0,0,0,0,0,0,1,0,0,0,1,0,0,0,0,1,0,0,1,0,0,0,0,0,0,0,0,0,0,1,0,0,0,0,0,1,0,0,0,1,0,0,0,1,1,0,0,1,1,0,1,0,0,1,0,0,1,0,0,0,0,1,0,pos
1,0,1,0,0,1,0,0,0,0,0,1,0,1,1,0,1,0,0,0,0,1,0,1,1,1,1,1,0,1,1,0,1,0,1,1,1,0,0,0,0,0,1,1,1,0,0,1,0,1,1,0,0,0,0,1,1,0,0,1,0,0,0,0,1,1,1,1,1,0,0,pos
0,0,1,0,1,0,1,0,0,0,0,0,0,1,0,0,0,1,0,0,0,0,0,0,1,0,0,1,1,0,1,1,1,0,0,0,0,0,1,0,0,0,0,0,0,1,1,0,0,1,0,0,1,1,0,1,0,1,1,1,0,1,1,0,0,1,0,1,1,0,1,pos
0,1,1,1,0,0,0,1,0,1,1,1,1,0,1,1,0,0,1,1,1,0,1,0,1,1,1,1,0,0,1,1,1,1,1,1,1,1,0,1,1,1,1,0,0,0,0,0,0,1,1,1,1,1,1,0,0,1,1,1,0,1,1,0,1,0,0,0,0,0,0,pos
1,0,0,0,0,0,0,0,1,0,1,0,0,1,0,1,0,1,1,0,0,1,0,0,1,0,0,1,1,0,1,1,0,0,0,1,1,0,1,1,1,0,0,0,1,0,1,0,0,1,0,0,0,1,1,1,0,0,1,1,0,0,0,0,1,1,1,1,0,0,0,pos
1,0,1,0,0,0,0,1,1,0,1,1,1,1,1,0,1,0,0,1,1,0,1,0,1,0,0,1,1,1,1,1,1,1,0,1,1,0,1,1,1,0,0,0,1,0,0,1,0,1,0,0,0,0,1,0,0,0,0,1,0,0,0,0,0,0,1,0,0,0,0,pos
0,0,0,0,1,0,0,0,0,0,0,0,0,0,0,1,1,0,0,0,0,0,0,1,1,0,1,1,0,0,1,0,0,0,1,0,0,1,0,0,0,0,0,1,0,1,1,0,0,1,0,0,0,0,0,0,0,0,1,1,0,1,1,0,0,1,0,0,0,1,0,pos
0,1,0,0,0,1,0,0,0,1,0,0,0,1,1,1,0,0,0,0,0,0,0,1,1,0,0,0,0,1,0,1,0,0,1,1,1,0,0,0,0,1,0,1,0,0,0,0,0,1,0,0,1,0,0,0,0,1,0,1,1,0,1,0,1,1,0,0,0,0,1,pos
0,1,1,1,0,0,0,0,0,1,1,1,0,0,1,1,1,1,0,1,0,1,0,0,1,0,0,1,0,0,1,1,0,0,0,1,1,1,0,0,1,0,1,0,0,0,0,1,0,1,1,1,0,0,1,1,0,0,0,1,1,1,1,0,1,0,1,0,0,1,0,pos
0,1,0,1,1,0,1,1,0,0,0,0,0,0,0,0,0,0,0,1,0,0,1,1,1,0,1,0,0,0,0,0,0,0,0,0,0,1,0,0,0,0,0,1,0,0,0,0,0,0,1,0,0,0,0,0,1,0,1,0,0,0,0,0,1,0,0,1,0,1,0,pos
0,1,1,0,1,1,0,1,0,0,1,0,0,1,0,0,0,1,1,0,1,1,0,0,1,1,0,1,1,0,1,1,0,0,1,1,1,1,1,0,1,1,1,0,0,1,0,0,0,1,1,1,0,0,0,0,0,1,0,1,1,0,1,0,1,1,0,1,0,0,1,pos
1,1,1,0,0,1,1,0,1,1,1,0,1,0,1,1,1,0,0,1,1,1,0,1,1,1,0,1,0,1,1,0,1,1,1,1,1,0,0,0,0,0,1,1,0,1,1,1,1,1,1,1,0,1,1,1,1,1,0,1,0,0,0,1,1,0,0,0,1,0,1,pos
1,1,1,0,0,0,0,0,0,0,0,1,0,1,1,0,1,1,0,0,0,0,0,1,1,0,0,0,0,0,1,1,0,0,0,1,1,0,0,1,0,0,0,0,0,0,0,0,0,1,0,1,1,0,1,1,1,0,0,1,1,0,0,0,0,0,0,0,1,0,0,pos
1,1,1,0,0,0,0,0,1,1,1,1,1,0,0,0,0,0,1,1,0,1,0,0,1,1,0,1,0,0,0,1,1,0,0,1,1,0,0,0,0,0,1,0,0,0,1,0,0,1,0,0,0,0,1,1,1,0,0,1,0,0,1,0,1,0,0,0,0,0,0,pos
0,0,1,0,1,0,0,0,1,1,1,0,0,0,1,0,1,1,0,0,0,1,1,0,1,0,0,0,0,1,1,0,0,1,1,0,1,0,1,1,0,1,0,1,1,0,1,1,0,1,1,1,1,1,1,0,1,1,0,1,1,0,1,0,1,0,0,1,0,0,1,pos
0,0,0,1,0,1,1,1,0,0,0,0,0,0,0,0,0,0,1,1,0,0,1,0,0,1,1,1,0,1,0,1,0,1,1,0,1,0,1,1,1,1,0,0,0,0,0,1,0,1,1,1,0,1,0,1,1,0,0,0,0,1,1,0,1,0,0,0,0,1,1,pos
1,1,1,0,0,1,1,0,1,0,1,0,1,1,0,0,0,0,1,1,1,1,1,1,1,0,0,1,0,0,1,1,1,1,1,1,1,1,0,0,0,1,1,0,1,1,0,1,1,1,0,0,0,0,1,0,0,1,0,1,0,0,1,1,1,0,1,0,0,0,1,pos
0,1,1,0,1,0,0,1,1,1,1,0,1,0,0,0,0,1,1,0,0,1,0,0,1,1,1,1,0,0,1,0,0,1,1,1,1,0,1,0,0,1,0,0,0,0,0,1,1,1,0,1,1,0,1,1,0,1,0,1,0,1,0,1,0,1,1,0,0,0,1,pos
0,1,0,0,1,0,0,0,1,0,1,1,0,1,1,0,1,1,1,0,1,0,1,0,1,0,0,0,0,0,1,1,0,1,1,1,1,0,0,1,0,0,0,0,1,1,0,0,0,1,0,1,1,1,0,1,1,0,0,1,0,0,1,0,1,0,0,0,0,1,1,pos
1,0,1,0,0,0,1,1,1,1,0,0,0,1,0,0,1,1,0,0,1,0,0,0,1,1,0,1,1,0,0,1,0,0,1,1,0,1,0,1,1,0,0,0,1,0,1,0,0,1,0,0,0,1,1,1,0,1,1,1,0,0,1,0,1,1,0,1,0,0,0,pos
0,1,1,1,1,0,0,1,0,1,1,1,1,0,1,1,0,0,1,1,0,0,1,0,1,1,1,1,0,0,1,1,0,1,1,0,1,1,0,1,1,0,1,0,0,0,0,0,0,1,1,1,1,1,0,0,0,1,0,1,0,1,1,0,1,1,1,1,0,0,0,pos
1,1,0,0,1,0,0,1,0,1,1,1,0,1,1,1,0,1,0,0,0,0,0,0,0,1,0,1,0,1,1,1,0,0,0,1,1,1,1,1,0,1,1,0,0,0,1,1,0,1,0,0,0,0,0,1,1,1,1,1,1,1,1,1,1,1,0,1,0,0,1,pos
0,1,0,1,1,0,0,0,1,0,1,1,1,0,0,1,1,0,0,0,1,1,1,1,1,0,1,1,1,1,1,1,1,0,0,1,0,1,1,0,0,0,1,0,0,1,0,1,1,1,1,0,0,0,1,1,1,1,0,1,0,1,1,0,1,1,0,1,1,1,0,pos
0,1,0,0,0,1,1,0,1,0,1,1,1,0,1,1,1,1,1,1,0,1,1,0,1,0,0,1,0,1,1,1,1,1,0,1,1,0,1,0,1,0,1,1,1,1,0,0,1,1,0,0,0,1,0,1,0,0,0,1,0,1,0,1,1,0,0,0,0,1,1,pos
0,1,1,1,1,0,0,0,0,0,1,0,0,0,1,1,0,1,1,0,1,0,0,1,1,0,1,1,0,0,1,1,1,0,0,0,1,1,1,0,0,1,0,0,1,1,0,0,0,1,0,0,0,0,0,1,0,1,1,0,0,0,0,0,0,0,0,1,0,1,0,pos
1,0,1,1,1,0,0,1,0,0,0,0,0,1,0,0,1,1,0,0,0,1,0,0,1,0,0,0,0,1,1,1,1,0,1,1,1,0,1,0,0,0,0,1,1,1,1,0,1,1,1,0,1,0,0,0,0,1,1,1,1,1,1,0,0,0,1,1,1,1,0,pos
1,0,1,0,0,0,0,0,1,1,1,0,1,0,0,0,0,1,0,1,0,1,1,0,1,0,1,1,1,0,1,1,1,0,0,1,1,0,1,1,0,0,0,1,0,1,0,0,1,1,0,1,1,0,0,1,0,0,0,1,0,0,0,0,1,0,0,0,1,0,1,pos
1,1,0,0,1,0,0,0,1,1,1,0,1,0,1,0,1,1,1,1,1,0,0,0,0,1,0,1,1,1,1,0,1,1,1,1,1,0,1,1,0,1,1,0,1,1,1,1,1,1,0,0,1,0,0,0,0,0,0,0,1,0,1,1,0,1,0,0,1,0,1,pos
1,1,1,0,0,1,1,1,1,1,1,0,0,1,1,0,0,1,0,0,1,0,0,0,1,1,0,1,1,0,1,1,0,0,1,1,1,0,0,0,1,0,0,1,1,1,1,0,1,1,0,0,1,0,0,1,0,1,1,1,1,0,1,0,0,0,0,1,0,0,0,pos
0,1,1,0,1,0,1,0,0,1,0,0,0,0,0,0,0,0,1,1,0,0,0,0,1,0,0,0,1,0,1,0,1,0,1,1,1,0,1,0,0,1,0,0,0,0,0,0,0,1,0,1,1,1,0,1,0,1,0,1,1,0,0,1,0,1,1,0,0,1,0,pos
1,1,0,0,1,0,0,1,1,0,1,0,1,0,0,0,1,1,1,0,0,0,0,0,0,1,1,0,0,1,1,0,1,0,0,0,1,0,1,1,0,1,0,0,1,0,0,1,1,1,0,0,1,0,0,1,1,0,0,0,0,0,1,1,1,1,0,1,0,1,1,pos
1,0,0,0,0,0,0,0,1,1,1,0,0,1,0,0,1,0,0,0,0,0,0,1,0,0,0,1,0,1,1,1,1,0,1,1,1,0,0,0,0,0,0,0,1,0,0,1,1,1,0,0,0,0,0,0,0,1,1,1,0,0,1,0,1,0,0,0,1,0,0,pos
0,0,1,0,0,0,1,0,1,0,0,1,1,1,1,1,1,0,0,0,1,1,0,0,1,1,0,1,0,0,0,1,0,0,0,1,1,1,1,0,1,0,1,0,1,1,1,1,1,1,0,1,1,0,1,0,1,0,1,1,1,0,1,0,0,1,1,0,0,0,0,pos
1,1,1,0,1,0,1,0,0,0,0,0,1,0,1,0,0,0,0,0,1,0,0,1,1,1,1,1,1,1,1,0,0,1,0,1,1,0,0,0,1,0,0,1,0,1,0,1,0,1,0,0,1,0,0,1,1,1,0,1,0,1,1,0,0,0,0,0,1,1,1,pos
1,1,1,0,0,0,0,0,1,0,1,0,0,1,1,0,1,1,0,0,1,0,0,1,1,0,0,1,0,0,1,0,0,0,0,0,0,1,1,0,0,1,0,0,1,1,1,1,0,1,1,0,0,1,0,0,1,0,0,1,1,0,0,0,0,1,1,1,1,0,0,pos
0,1,1,0,0,0,1,0,1,0,1,0,1,1,0,0,0,1,1,1,0,1,0,1,1,0,0,1,0,0,1,1,0,0,1,1,1,1,1,1,0,0,0,1,1,0,0,1,1,1,0,1,0,1,1,1,0,0,0,1,1,1,1,0,0,0,1,0,0,1,0,pos
0,0,0,0,1,1,0,0,0,1,1,0,0,0,1,0,1,1,0,0,0,0,1,0,1,0,0,0,0,0,1,0,0,0,0,0,1,1,1,0,0,0,0,0,1,0,0,1,0,1,0,1,1,0,1,0,0,0,0,1,1,1,1,0,0,0,1,1,0,1,0,pos
0,1,0,0,0,1,0,0,0,0,1,1,0,0,1,0,0,1,0,0,0,0,1,0,1,0,0,1,1,1,1,0,0,0,1,1,1,0,1,1,0,1,0,0,0,1,0,1,0,1,0,0,1,0,0,1,1,1,0,1,1,0,0,0,1,1,0,1,1,0,0,pos
1,1,1,0,0,1,0,0,1,0,0,1,1,1,0,0,0,0,1,0,0,0,1,1,1,0,1,1,0,0,1,0,1,1,1,1,1,0,1,0,0,0,0,0,0,0,0,1,1,1,0,1,0,0,0,0,0,0,0,1,0,1,0,0,1,0,0,0,0,0,0,pos
0,0,0,1,0,0,1,0,0,0,1,0,0,0,0,1,0,0,0,0,0,0,0,1,1,0,1,0,0,0,0,1,0,0,0,0,1,0,0,0,1,0,0,1,0,0,0,0,0,1,1,0,0,0,0,0,0,0,1,1,1,0,0,0,0,0,0,0,1,0,0,pos
0,1,1,1,1,1,1,0,1,0,1,0,1,1,0,1,0,1,1,1,1,1,1,0,1,0,1,0,1,0,1,1,1,1,1,0,1,1,0,0,0,0,1,0,1,1,0,1,1,1,1,0,0,0,1,0,0,0,1,1,0,1,1,1,1,0,0,0,0,1,1,pos
1,1,1,0,0,1,0,0,1,1,1,1,1,1,0,0,1,1,1,0,1,0,0,0,1,1,0,1,0,1,0,1,1,0,1,1,1,0,1,0,1,0,0,0,1,1,0,1,1,1,1,1,1,1,0,0,0,1,0,1,1,0,1,0,1,0,1,0,1,0,0,pos
0,0,0,1,1,1,0,0,0,0,1,0,1,1,0,1,1,1,0,0,1,0,0,0,1,0,0,1,1,0,1,0,0,0,1,1,1,0,1,0,0,0,1,1,0,1,1,1,0,1,0,0,0,0,0,1,0,0,0,1,1,1,0,1,0,0,0,0,0,0,0,pos
0,1,1,0,1,0,0,1,0,0,1,0,0,1,1,0,1,1,1,0,0,0,1,1,0,0,1,1,0,0,1,0,1,0,1,1,1,0,1,0,0,0,0,0,0,1,0,1,0,1,0,0,0,0,1,1,0,1,0,1,1,0,0,0,0,0,1,0,0,0,0,pos
1,1,1,1,1,1,0,0,1,1,1,0,0,0,1,0,1,0,1,0,1,0,1,0,1,0,1,1,0,1,1,1,1,1,0,1,1,0,1,1,1,1,1,0,1,0,0,1,1,1,1,1,0,0,0,0,0,0,0,1,1,0,0,0,1,1,1,1,0,1,0,pos
1,1,1,0,0,0,0,1,0,1,1,0,0,0,0,0,1,0,0,0,0,0,0,0,1,0,1,1,0,0,0,1,1,0,0,1,0,0,0,1,0,1,0,0,0,0,1,0,0,1,0,1,0,1,0,1,0,1,0,1,0,1,1,1,0,0,0,0,0,0,1,pos
0,1,1,1,0,0,0,0,1,0,1,0,0,1,0,0,1,1,0,0,1,0,0,1,1,0,0,1,0,0,1,0,1,0,0,0,1,1,1,0,0,1,0,0,1,0,0,0,1,1,0,0,1,1,0,1,0,0,0,1,1,1,1,1,0,0,0,0,0,0,0,pos
0,0,1,0,1,1,0,0,1,0,1,1,1,1,1,0,1,1,1,1,1,1,1,0,1,0,1,1,1,1,0,1,1,0,1,1,1,0,0,0,1,1,1,0,1,0,0,1,0,1,0,0,0,0,1,1,1,0,1,1,0,0,1,0,1,1,0,0,1,0,0,pos
1,1,1,1,0,0,0,0,0,0,1,1,0,1,1,0,0,1,0,1,0,0,0,0,1,0,1,1,0,1,1,1,0,0,0,1,1,0,1,1,1,0,0,0,0,0,1,1,0,1,0,0,0,0,1,1,0,0,1,1,0,0,0,0,1,0,1,0,0,0,1,pos
0,1,0,0,0,0,0,0,0,0,1,1,1,0,1,0,1,1,0,0,0,1,0,0,1,1,1,0,0,0,1,0,0,0,1,1,1,0,0,0,1,1,0,0,0,0,0,1,1,1,0,1,0,0,1,1,0,1,1,1,1,0,0,0,0,0,1,0,1,0,0,pos
0,1,1,0,0,0,1,1,1,0,0,1,0,1,1,0,0,0,0,1,0,1,0,0,1,1,1,1,0,1,1,1,1,0,0,0,1,0,0,1,1,1,0,1,0,0,1,0,0,0,0,0,1,0,0,0,0,1,0,1,0,0,0,0,1,0,0,0,0,1,0,pos
0,1,0,0,1,0,0,1,1,0,1,1,1,0,0,1,1,1,0,0,1,0,0,0,1,0,1,1,0,1,0,0,0,1,1,1,0,0,1,0,0,0,0,0,0,1,0,0,0,1,0,1,0,1,0,1,1,0,0,1,1,1,1,1,0,1,1,1,0,1,0,pos
1,1,1,0,0,1,1,1,0,0,1,0,0,1,1,0,1,1,0,0,1,1,0,0,1,0,0,1,1,0,0,1,1,1,0,1,1,0,1,1,0,1,0,0,0,0,0,1,1,0,0,0,1,1,1,1,0,0,0,1,1,0,0,0,1,1,0,0,0,0,1,pos
0,1,1,1,0,0,1,0,0,1,1,0,0,1,1,1,1,0,1,0,1,0,0,1,1,0,0,1,0,0,1,0,0,0,1,1,1,0,0,0,0,0,0,1,0,0,0,1,0,1,1,0,1,0,0,1,0,0,1,1,1,1,0,1,0,1,0,1,1,0,0,pos
1,0,1,1,1,0,0,1,1,1,1,0,0,1,0,0,0,1,0,0,1,1,0,0,1,0,1,1,0,0,1,1,0,0,0,1,1,0,1,0,0,0,0,0,1,1,1,0,0,1,0,0,0,0,0,0,0,0,0,1,0,0,1,0,0,0,0,1,0,1,0,pos
1,0,1,0,1,1,0,0,0,0,1,0,0,1,1,1,1,0,0,0,1,1,0,1,0,0,0,1,0,0,0,1,1,0,1,0,1,0,0,0,0,0,0,1,1,1,0,1,1,0,0,0,0,0,1,1,0,0,0,1,1,1,1,1,1,0,1,0,0,1,0,pos
1,1,1,0,1,0,0,0,1,0,1,1,0,1,1,0,0,1,0,0,1,1,1,1,1,1,0,1,1,0,1,0,0,0,0,1,1,0,1,0,0,0,0,0,1,1,1,1,1,1,1,1,1,0,0,0,0,1,1,1,0,1,1,0,1,0,1,0,1,0,1,pos
1,1,0,0,1,1,1,0,1,1,1,0,1,0,1,0,1,1,0,0,0,1,0,1,1,1,0,1,0,1,1,1,0,0,1,1,1,0,1,0,0,1,0,0,1,1,0,1,0,1,1,1,1,0,0,0,0,0,1,1,0,0,1,1,1,0,0,0,1,0,1,pos
0,1,1,1,0,0,0,0,0,0,0,1,0,1,1,0,0,0,0,0,1,0,1,1,1,1,0,1,1,0,1,0,0,0,1,1,1,0,0,0,0,1,1,1,0,0,0,1,0,1,1,0,0,0,0,0,0,0,0,1,1,1,0,0,1,0,0,0,1,0,0,pos
1,1,0,1,1,0,0,0,0,0,1,1,0,0,1,1,0,1,0,0,1,0,0,0,1,0,1,1,1,1,1,1,0,0,0,1,1,1,1,0,0,0,0,0,0,1,1,1,0,1,0,0,0,0,0,1,0,1,1,1,0,0,0,0,0,1,1,0,1,1,1,pos
1,1,1,0,0,0,0,0,1,0,1,0,0,1,0,0,0,1,0,1,0,0,0,1,1,0,1,1,0,1,1,1,0,0,1,1,1,0,1,0,0,1,0,0,1,0,0,1,0,1,0,0,0,1,1,1,0,0,1,1,1,1,1,0,0,1,1,1,0,0,0,pos
0,1,1,0,0,0,1,0,1,0,1,0,0,1,1,1,1,1,0,1,0,0,1,0,1,0,1,1,0,0,1,1,0,1,1,1,0,0,1,1,0,0,1,0,1,0,1,1,0,1,0,0,1,1,1,0,0,0,0,1,0,1,0,0,0,1,0,1,0,0,1,pos
1,1,1,1,1,1,0,0,0,1,1,0,0,0,1,0,0,1,1,0,0,0,0,0,0,0,0,1,0,0,1,1,1,0,0,0,1,0,1,1,1,1,1,1,1,0,0,1,1,1,1,0,0,0,0,1,0,1,0,0,1,0,0,0,1,0,0,0,0,0,1,pos
0,1,1,0,0,0,0,0,1,0,1,0,1,0,0,0,1,1,0,1,0,1,0,1,1,1,1,0,0,0,1,0,0,0,0,1,0,0,1,1,1,0,0,1,1,0,0,0,1,1,0,1,0,0,0,0,1,0,1,1,1,0,0,1,1,0,0,0,1,0,0,pos
0,1,1,0,0,0,0,0,0,0,1,1,0,1,1,0,1,1,0,0,1,0,0,1,1,1,0,1,1,0,1,0,0,0,1,1,1,0,1,1,0,0,0,1,0,1,1,0,0,1,0,0,1,1,0,0,0,1,0,1,1,0,1,0,0,0,0,0,0,1,0,pos
1,1,1,0,1,0,0,0,0,0,1,0,0,0,1,0,1,1,0,0,1,1,0,1,1,0,0,0,1,1,1,0,1,0,1,1,1,0,1,1,0,0,0,0,0,0,0,1,0,1,0,1,0,1,1,1,1,0,0,1,1,0,0,0,1,1,1,0,0,0,0,neg
1,1,1,0,0,1,0,0,0,0,1,1,0,1,1,0,1,0,0,0,1,0,0,0,1,0,0,1,1,0,1,1,0,0,0,0,1,0,0,0,0,1,0,0,0,0,0,1,1,1,0,1,0,1,0,1,0,1,0,1,0,0,0,0,1,0,0,0,0,0,1,neg
1,1,0,0,0,1,0,0,0,0,1,1,0,0,0,0,0,1,0,1,0,0,0,0,1,0,0,0,1,0,0,1,1,1,1,0,1,0,0,1,1,1,1,0,1,0,1,0,0,1,0,0,0,0,0,1,0,0,0,1,0,0,0,0,1,0,0,0,0,0,1,neg
0,1,1,1,1,0,0,0,0,0,1,0,0,1,0,0,1,0,0,0,0,0,0,1,1,0,0,1,0,0,1,0,0,0,0,1,1,0,1,0,0,1,1,0,0,0,1,0,0,1,0,0,0,0,0,0,1,0,0,1,0,0,1,0,0,0,0,0,0,1,0,neg
0,1,0,0,0,0,0,1,0,0,1,0,0,1,1,0,0,0,1,0,0,0,0,0,1,0,0,1,1,0,1,0,0,0,0,1,1,0,1,0,0,0,0,0,0,0,0,0,0,1,0,0,0,0,1,1,0,0,0,1,0,1,1,0,0,1,0,1,0,0,1,neg
0,1,0,0,0,0,0,0,0,1,1,1,0,0,1,0,1,1,0,0,1,0,0,0,1,0,0,0,1,0,1,0,0,1,0,1,0,0,1,0,0,0,1,0,0,0,0,0,0,1,0,0,0,0,1,0,1,0,0,1,1,0,1,0,0,0,0,0,0,0,0,neg
0,0,0,0,0,0,0,0,1,0,0,0,1,0,0,0,0,0,0,0,1,0,0,0,1,0,0,0,0,1,0,0,1,0,1,0,0,0,0,0,1,0,0,1,0,0,0,0,0,0,1,1,0,0,0,0,0,0,0,1,0,1,0,0,1,0,0,0,1,1,0,neg
0,1,1,0,0,0,0,1,0,1,1,1,0,1,1,0,0,1,0,0,1,1,0,0,1,1,0,1,1,0,1,0,1,0,0,1,1,0,1,1,0,0,1,0,0,0,1,1,1,0,0,0,0,1,1,0,0,0,0,1,0,0,0,0,0,0,0,0,0,0,1,neg
0,0,1,0,0,0,1,0,0,0,0,0,0,1,1,0,0,0,0,0,0,1,0,1,0,0,0,0,0,0,1,0,1,0,1,0,0,0,1,1,0,0,1,0,1,0,0,1,0,1,0,0,0,1,0,0,0,0,1,0,0,0,0,0,0,0,1,0,1,0,0,neg
0,0,0,0,1,0,0,0,0,0,1,0,1,1,1,0,0,1,0,1,0,0,0,0,1,0,0,1,0,0,0,1,0,1,0,0,0,0,1,1,0,0,1,0,1,0,0,0,0,1,1,0,0,0,0,1,0,0,0,1,0,0,0,0,1,1,0,1,1,0,0,neg
1,1,1,0,0,0,0,0,0,1,1,0,0,1,1,0,0,0,0,0,0,1,0,0,1,0,1,1,0,0,0,1,1,0,1,0,1,0,0,0,1,0,0,0,1,0,0,0,0,1,0,0,0,1,0,0,0,0,0,1,1,0,1,0,0,0,0,0,0,0,1,neg
1,1,0,0,1,0,0,1,1,0,0,1,1,0,0,0,0,0,1,0,0,0,0,0,1,0,1,0,1,0,0,1,1,1,0,0,1,0,1,1,0,1,0,1,1,1,0,0,0,1,0,1,1,0,1,1,0,0,0,1,0,0,0,0,1,0,0,0,0,0,0,neg
1,0,0,0,1,0,0,0,0,0,0,0,0,0,0,0,0,0,1,0,0,0,0,0,1,0,0,0,0,0,1,1,0,0,0,1,0,0,0,0,0,0,1,1,0,1,0,0,0,1,0,0,1,0,0,0,0,0,0,1,0,0,0,0,1,1,1,1,1,0,0,neg
0,1,0,0,0,0,0,0,0,0,0,0,1,1,1,0,0,0,0,0,1,0,0,0,1,0,0,1,0,0,1,0,0,0,0,1,1,0,1,0,0,0,0,0,0,1,0,0,1,0,0,0,0,0,1,0,1,0,0,1,0,0,0,0,0,0,0,0,1,0,0,neg
0,1,0,0,0,0,0,0,0,0,1,1,1,1,1,0,0,0,0,0,1,1,0,0,1,0,0,0,1,0,1,0,1,0,1,1,1,0,0,0,1,0,0,0,1,1,0,1,0,0,0,0,0,0,1,1,0,1,0,1,0,1,1,0,1,0,0,0,0,0,0,neg
0,1,1,0,0,0,0,0,0,0,0,1,0,0,1,0,0,1,0,0,0,1,0,0,1,0,0,1,0,0,0,1,1,0,0,0,1,0,1,0,0,0,0,1,0,0,0,0,0,1,1,0,0,0,0,0,0,0,0,1,1,0,0,0,1,1,1,0,1,0,0,neg
0,0,0,0,1,0,0,1,0,1,1,1,0,1,1,0,0,0,0,0,1,1,0,1,1,1,0,0,1,1,1,1,0,0,0,0,1,0,1,1,0,0,1,1,0,0,0,0,0,1,0,0,0,0,0,1,0,0,0,1,1,0,1,0,0,0,0,1,1,0,0,neg
0,1,0,1,1,0,0,0,1,0,1,1,1,1,1,0,0,0,1,0,1,0,1,0,0,0,1,0,0,1,0,0,0,1,1,1,1,0,0,1,0,0,0,0,0,0,0,1,0,0,0,0,0,0,0,1,1,0,1,0,0,0,1,1,1,0,0,1,0,1,0,neg
1,1,0,0,1,0,1,0,1,0,1,1,1,0,0,0,1,1,0,0,1,0,0,0,0,0,0,0,0,0,1,0,1,0,0,0,1,0,1,1,0,1,1,0,1,0,1,0,0,0,1,1,0,0,0,0,0,0,0,0,1,0,1,0,1,1,0,0,0,0,1,neg
0,1,1,0,1,0,0,0,0,0,1,1,0,1,0,0,0,1,1,0,0,0,0,0,1,0,0,0,1,0,1,0,0,0,0,1,1,1,1,0,0,0,0,0,0,0,0,1,1,1,0,0,0,0,0,0,0,0,1,1,1,1,1,0,0,1,0,1,0,0,0,neg
1,0,0,0,0,0,0,0,1,0,0,0,1,0,0,0,0,1,0,0,0,0,0,0,0,0,0,0,0,1,0,0,0,1,0,0,0,0,1,1,0,0,0,1,1,0,0,0,0,0,0,0,0,1,0,0,0,0,0,0,0,0,1,0,0,0,0,0,0,0,0,neg
0,0,0,0,1,0,0,0,0,0,1,0,0,1,0,0,0,1,0,0,1,1,0,0,1,0,0,0,0,0,1,0,1,0,0,0,1,0,1,0,0,0,0,0,0,1,0,0,0,1,0,0,1,0,0,0,0,1,0,1,0,0,1,0,0,1,0,0,0,0,1,neg
0,1,1,0,1,0,0,0,0,0,1,0,0,1,1,0,1,1,0,0,1,1,0,0,1,0,0,1,1,0,1,0,1,0,0,1,0,0,1,1,0,0,0,0,0,0,1,1,0,1,0,0,0,0,0,0,0,0,0,1,0,0,1,0,0,0,0,0,0,0,0,neg
0,0,1,0,0,0,0,0,0,0,0,0,0,1,0,1,0,1,0,0,1,0,0,0,1,1,0,1,1,0,1,1,0,1,0,0,0,0,1,1,0,0,0,0,0,1,0,0,0,1,0,0,0,0,0,0,0,0,0,1,1,0,0,0,1,0,0,0,1,0,0,neg
0,0,1,0,1,0,0,0,1,0,1,0,1,1,1,0,1,1,1,0,0,1,0,0,1,0,0,1,1,1,0,1,1,0,0,1,1,0,0,0,0,0,0,0,0,0,1,1,1,1,1,0,0,0,0,1,0,0,0,1,1,1,0,1,1,0,0,0,0,0,0,neg
0,1,0,0,1,1,0,0,0,0,1,1,0,1,1,0,0,1,1,1,1,0,0,0,0,0,0,1,0,0,1,0,0,0,0,0,0,0,1,0,0,0,0,0,0,0,0,0,1,0,0,0,0,1,0,0,0,0,0,0,0,0,1,0,1,0,1,0,0,0,0,neg
0,0,0,0,0,1,0,0,0,0,1,0,1,0,0,0,0,0,1,0,0,0,0,0,0,0,0,1,0,0,1,0,0,0,0,1,1,0,0,1,1,0,0,0,0,1,0,0,0,1,1,0,0,0,0,1,0,0,0,1,0,0,1,1,0,0,0,0,0,1,0,neg
0,0,0,0,1,0,0,1,0,0,1,0,1,0,0,0,0,0,0,0,0,0,0,1,1,0,1,0,0,0,0,1,1,0,1,0,1,0,1,1,0,0,0,0,0,0,0,1,1,1,0,1,0,0,0,0,0,0,0,1,0,0,0,0,1,0,0,0,0,0,0,neg
0,1,1,0,0,0,0,0,0,1,1,1,0,0,1,0,1,1,0,1,0,1,0,0,1,0,0,1,1,1,1,0,1,0,0,0,1,0,1,0,1,0,0,0,0,0,0,1,0,1,0,0,0,0,1,0,0,0,0,1,0,1,1,0,0,0,0,0,0,0,1,neg
0,0,1,0,0,0,0,0,0,0,1,0,0,1,0,0,0,1,0,0,0,0,1,0,1,0,0,1,0,1,0,0,1,0,1,1,1,0,1,0,0,0,0,0,0,1,1,0,1,1,0,0,0,0,0,1,0,0,0,1,0,0,1,0,0,0,1,0,0,0,0,neg
0,0,0,0,0,0,0,0,0,0,0,1,0,0,1,0,0,0,0,0,0,0,0,1,0,0,0,0,0,0,0,1,0,0,0,1,0,1,0,0,0,1,0,1,0,0,0,1,1,1,0,0,0,0,0,1,0,1,0,1,0,0,0,1,1,0,0,0,1,0,0,neg
0,0,1,0,0,1,0,0,0,0,1,0,0,1,0,0,1,0,0,0,0,0,0,1,1,0,0,0,0,0,0,1,1,0,0,1,1,1,1,0,1,0,0,1,0,1,1,0,0,1,0,1,0,1,0,1,0,0,0,1,0,0,0,0,1,0,0,0,0,0,1,neg
0,0,1,0,1,0,0,0,0,0,1,0,1,0,1,0,0,0,0,0,0,0,1,0,0,0,0,1,0,0,0,1,1,0,0,1,1,0,1,0,0,0,0,0,0,0,0,0,0,1,0,0,1,0,0,0,1,0,0,0,1,0,1,0,1,1,0,1,0,1,1,neg
0,0,1,0,0,0,0,1,0,0,1,0,1,1,0,0,0,1,0,0,1,1,0,1,1,1,0,0,0,0,1,1,0,0,1,0,1,0,0,0,0,0,0,0,0,0,1,0,0,1,1,0,0,0,0,1,0,1,1,1,1,0,1,0,1,1,0,1,0,0,0,neg
1,1,1,0,0,0,0,0,0,0,1,0,0,0,0,0,1,0,0,0,1,1,0,0,1,0,0,0,1,1,1,0,1,0,0,1,1,0,0,1,0,0,0,0,0,0,0,1,1,1,0,0,0,0,0,0,1,1,0,1,0,0,0,0,0,0,0,0,0,0,1,neg
0,1,1,0,1,0,0,1,1,0,0,0,1,1,1,0,1,1,0,0,0,1,0,1,1,0,1,1,1,1,1,0,0,0,0,1,1,0,1,0,0,1,0,0,0,1,0,0,0,1,0,1,0,1,0,1,0,0,1,1,0,0,1,0,0,1,0,1,0,1,0,neg
1,0,1,0,0,1,0,0,1,0,1,0,0,0,1,0,1,0,1,1,1,0,0,0,0,0,0,1,1,0,1,1,0,0,0,1,1,0,1,0,1,0,0,0,0,0,1,0,0,1,0,0,0,0,0,1,0,1,0,1,1,0,0,0,1,0,1,0,0,0,0,neg
0,1,0,1,1,0,0,1,0,0,0,0,0,0,0,0,1,1,1,0,0,1,0,0,1,0,0,0,0,1,1,0,0,0,0,0,1,0,1,0,0,0,0,1,0,0,0,0,0,0,0,0,0,0,0,1,0,0,0,1,1,0,0,0,0,0,0,0,0,0,0,neg
0,1,0,0,0,0,0,1,0,0,1,0,0,1,0,0,0,1,0,0,0,1,0,1,1,0,0,0,1,0,1,0,1,0,1,1,1,0,1,0,0,1,0,0,1,0,0,1,0,1,0,0,0,0,1,0,0,1,0,1,1,0,0,0,0,0,0,1,0,0,1,neg
0,0,1,0,0,0,1,0,1,0,1,1,0,1,0,0,0,0,0,0,0,0,0,0,1,0,0,0,0,1,1,0,1,0,0,1,0,0,0,0,0,0,0,0,0,0,0,0,0,1,0,0,1,0,0,1,0,0,0,1,0,0,1,0,1,1,0,0,0,0,1,neg
1,1,1,0,1,0,0,1,1,0,1,0,0,1,1,0,1,0,0,0,1,1,0,0,1,0,0,1,1,0,1,1,0,0,0,0,0,0,1,1,0,0,0,0,1,1,0,1,0,1,0,0,0,0,0,1,0,0,0,1,0,0,0,0,1,0,1,1,1,0,0,neg
1,1,1,0,0,1,0,0,0,0,1,0,0,1,1,0,1,1,0,0,1,0,0,1,0,0,1,0,0,0,0,1,0,0,0,0,1,0,1,0,0,1,0,0,0,0,0,1,0,0,0,0,0,0,0,1,1,0,0,0,0,0,0,0,0,0,0,1,1,1,1,neg
0,1,1,0,0,0,0,0,0,0,1,0,0,1,0,0,1,1,0,0,0,1,0,0,1,1,0,1,1,1,1,0,1,0,1,1,1,0,1,0,1,0,0,1,0,0,1,1,0,1,0,0,0,0,0,1,0,0,0,1,1,0,1,0,1,0,1,0,0,0,1,neg
0,1,1,0,0,0,0,1,0,0,1,1,1,0,0,0,1,1,1,1,1,1,0,0,1,0,0,1,0,0,1,0,0,0,1,1,1,0,1,0,0,0,1,0,0,1,0,0,0,1,1,0,0,0,0,0,0,0,0,1,0,0,0,1,1,0,0,0,0,0,0,neg
1,0,0,0,0,1,1,0,1,0,0,1,0,0,1,0,0,0,0,0,0,0,0,0,0,0,0,0,0,1,1,1,1,0,1,0,0,1,1,1,0,0,0,0,0,1,1,0,0,1,0,0,0,0,1,1,0,0,0,0,0,0,0,0,1,0,1,0,1,0,1,neg
1,0,1,0,0,0,1,1,0,0,0,0,0,1,0,0,0,0,0,0,0,0,0,0,1,0,1,0,0,0,0,1,0,0,0,1,0,0,1,0,0,0,0,1,0,0,0,0,0,1,1,1,0,0,0,1,1,0,0,1,0,1,0,1,0,1,0,1,0,0,0,neg
0,0,0,1,1,1,0,0,0,0,1,1,0,1,0,0,0,0,0,1,1,0,0,1,1,0,0,0,1,0,1,1,1,0,1,1,1,1,0,1,0,1,0,0,0,1,0,0,0,1,0,0,1,0,1,0,0,0,0,1,1,0,0,0,0,1,0,0,0,1,1,neg
0,0,0,0,0,0,0,0,0,0,1,0,0,1,1,0,0,0,0,0,1,0,0,1,0,0,0,0,0,0,1,0,0,0,1,0,0,0,0,0,0,0,0,1,0,0,0,0,0,0,0,1,0,0,0,0,0,0,1,0,1,0,0,0,0,0,0,0,0,0,0,neg
1,1,1,0,0,0,0,0,0,1,1,0,0,1,1,0,1,1,0,0,0,0,0,1,0,0,0,1,1,0,1,0,0,0,0,0,1,1,1,0,0,1,0,0,0,0,0,1,1,1,0,0,0,0,0,1,0,1,0,1,0,1,0,0,0,1,0,0,0,0,0,neg
0,1,0,0,0,0,0,0,1,0,0,0,0,0,1,0,0,1,0,0,0,0,0,1,0,0,0,0,0,0,1,0,0,0,0,1,0,1,0,1,0,0,0,0,0,0,0,0,0,1,1,0,1,0,0,1,0,0,0,0,1,1,1,1,1,1,0,1,0,0,0,neg
1,0,1,0,1,0,0,0,0,0,0,1,0,0,1,0,0,1,0,0,1,0,0,0,0,0,1,0,0,0,1,0,0,0,1,1,0,0,1,0,0,1,0,0,0,0,1,0,0,1,0,1,1,0,0,1,0,0,0,0,0,0,1,0,1,0,1,0,0,1,1,neg
1,1,0,0,0,0,0,1,0,1,1,1,0,0,0,0,0,0,0,0,1,0,0,0,1,0,0,1,1,0,1,1,1,0,0,0,1,0,0,0,0,0,0,0,0,1,0,0,0,1,0,0,0,0,0,0,0,0,1,1,1,0,1,0,0,0,0,0,0,0,1,neg
0,0,0,0,1,0,0,0,1,1,1,0,0,0,1,1,0,0,0,0,1,0,0,0,0,0,0,1,1,0,0,0,0,0,1,1,0,0,0,0,0,0,0,0,1,0,0,1,1,1,1,0,1,0,0,1,0,1,0,0,0,1,1,0,1,0,0,0,0,0,0,neg
0,0,1,0,1,0,0,0,0,0,1,0,0,1,1,0,0,0,1,0,0,0,0,0,0,0,0,0,0,0,0,1,0,0,0,0,0,0,0,1,0,0,0,0,0,0,0,1,1,0,1,0,0,1,1,0,0,0,1,0,1,0,1,0,1,0,1,0,0,1,0,neg
0,1,1,0,0,0,0,0,1,0,1,0,0,0,0,0,1,1,1,0,0,0,1,1,0,0,1,1,0,1,0,0,0,0,1,0,0,1,1,0,1,0,0,0,1,0,0,0,0,1,0,0,0,0,1,1,0,0,0,0,1,0,1,0,0,0,1,0,0,0,0,neg
1,0,0,0,0,0,0,0,0,1,0,1,0,0,1,0,0,1,0,0,0,0,0,0,0,0,0,0,0,0,0,0,0,1,0,0,0,0,1,0,0,0,0,0,0,0,0,1,0,0,0,0,1,0,0,1,0,0,0,0,1,1,1,0,0,0,0,0,1,0,0,neg
0,1,0,0,0,0,0,1,1,1,1,0,0,0,0,0,0,1,0,0,0,0,1,0,1,1,0,1,0,1,1,0,0,1,0,0,1,0,0,1,0,0,0,0,0,0,0,0,1,1,0,1,1,0,0,0,0,0,0,1,1,1,0,0,0,0,0,1,0,0,0,neg
1,0,0,0,0,0,0,0,0,0,1,1,0,0,1,0,1,1,0,0,1,0,1,0,1,0,0,1,0,0,0,1,1,0,0,1,0,0,1,0,0,0,0,1,0,1,0,1,0,1,0,0,0,0,0,0,0,0,0,1,0,0,1,1,0,0,0,0,0,0,1,neg
0,1,0,1,0,1,0,0,0,0,0,0,0,0,0,0,1,0,0,0,0,0,1,0,1,0,0,0,0,0,0,0,0,0,1,0,1,0,0,0,0,0,0,1,1,1,0,1,0,0,0,0,0,1,0,0,1,0,0,1,0,0,0,0,1,0,0,0,0,1,0,neg
0,1,0,0,0,0,0,0,0,1,1,1,1,1,0,0,0,1,0,0,0,0,0,0,1,0,0,1,0,0,1,1,1,0,0,1,0,0,1,0,0,0,0,0,0,0,1,1,0,1,0,0,1,0,1,1,0,1,0,1,0,0,0,0,0,1,0,1,0,0,0,neg
0,0,1,0,0,0,0,1,1,0,1,1,1,1,0,0,0,0,1,0,1,0,0,0,1,0,1,1,0,1,1,0,0,0,1,0,1,0,0,1,0,0,1,0,1,1,0,1,1,0,0,0,0,0,0,0,0,0,0,1,1,1,0,0,0,1,0,1,0,0,1,neg
0,0,0,0,0,1,0,0,1,0,1,0,0,1,0,0,0,1,0,0,1,1,0,1,1,0,0,0,1,0,1,1,0,1,1,0,0,1,1,0,0,0,1,0,1,0,0,1,0,1,0,1,0,0,1,1,1,1,0,1,0,0,1,0,1,0,0,0,0,0,0,neg
1,0,1,0,0,0,1,0,1,0,0,0,0,1,0,0,1,0,0,0,1,0,0,1,1,0,0,0,0,0,1,0,0,0,0,0,0,0,0,0,0,0,0,1,0,1,1,0,0,1,0,0,0,1,0,0,1,1,0,1,0,0,0,1,1,0,0,0,0,0,0,neg
0,1,1,0,0,0,0,1,1,0,1,1,0,1,0,0,1,0,0,1,1,1,1,1,1,0,0,1,1,0,1,1,1,0,0,1,0,0,0,1,1,0,1,0,1,1,1,1,1,1,0,0,0,0,1,0,0,0,1,1,0,1,1,0,1,0,1,0,0,0,0,neg
0,1,0,0,0,0,0,0,0,0,0,0,0,0,0,0,0,0,0,0,1,1,0,0,1,0,0,1,0,0,0,0,1,0,0,0,1,0,0,0,0,0,0,0,0,0,0,0,0,1,0,0,0,0,0,0,0,0,0,1,0,0,0,0,0,1,1,1,0,0,0,neg
0,0,1,0,0,0,1,0,0,1,1,1,0,0,1,0,0,0,0,0,0,0,0,0,1,0,0,1,1,0,1,0,1,1,0,1,0,0,0,0,0,0,0,0,0,1,1,1,0,1,0,0,0,0,0,0,0,1,0,1,1,1,0,0,0,0,0,1,0,0,1,neg
0,1,1,0,0,0,0,1,1,0,1,1,0,1,1,0,0,1,1,0,0,1,1,1,1,0,0,0,0,0,0,0,0,0,1,1,1,0,1,0,0,0,1,0,0,0,1,1,0,1,1,0,0,0,1,0,0,0,0,1,0,0,0,0,0,0,0,1,0,0,0,neg
0,1,0,0,0,0,0,0,0,0,1,0,0,0,0,0,0,0,0,0,0,0,0,0,1,0,0,1,0,0,1,0,0,0,0,0,0,0,0,0,0,0,0,0,1,0,1,0,0,1,0,0,0,1,1,0,0,0,0,1,0,0,0,0,0,0,0,0,0,0,0,neg
0,0,0,1,0,0,0,0,0,0,1,1,0,0,1,0,0,1,0,0,1,0,0,1,0,0,0,1,1,1,1,0,0,0,1,0,0,0,1,1,0,0,0,0,0,1,0,0,0,1,0,1,1,0,0,1,0,0,0,0,0,1,0,0,0,0,0,0,1,0,0,neg
0,1,0,0,0,1,0,1,1,0,1,0,1,0,0,0,0,0,0,0,1,1,0,1,1,0,0,0,0,0,1,0,0,0,0,0,1,0,0,0,0,0,0,0,0,0,0,0,1,1,0,0,0,0,0,0,0,0,1,1,0,0,0,1,1,1,0,1,0,0,0,neg
0,1,0,0,0,0,0,1,0,0,1,0,0,0,1,0,0,0,0,0,0,0,0,0,0,0,0,1,0,1,0,0,1,0,0,1,0,1,0,1,0,0,0,0,1,0,0,1,1,1,0,0,1,0,0,1,0,0,0,1,1,0,0,0,0,0,0,0,1,0,1,neg
0,1,1,0,0,1,0,1,0,0,0,0,1,0,0,0,0,0,0,1,1,1,0,1,1,0,0,1,0,0,0,0,0,0,0,1,0,0,0,0,0,0,0,0,0,1,0,1,0,1,0,0,0,1,0,0,0,1,1,1,0,0,0,1,1,0,0,0,0,0,0,neg
0,0,0,0,0,0,0,0,1,0,0,1,0,0,0,0,1,0,0,1,0,0,0,1,1,0,0,1,0,1,1,0,0,0,0,0,0,1,1,1,0,0,0,0,0,0,0,0,0,0,0,0,0,0,0,0,1,0,0,1,0,0,0,0,1,0,0,0,0,0,0,neg
0,1,1,0,1,0,0,1,0,0,1,0,0,0,1,1,0,0,0,0,0,0,1,0,0,0,0,1,0,0,1,1,0,0,0,0,1,0,0,1,0,0,0,0,0,1,0,0,0,1,0,0,0,0,1,0,0,0,0,0,1,0,0,0,0,1,1,0,0,0,0,neg
1,1,0,0,0,0,0,0,0,0,0,0,0,0,0,0,0,1,0,1,0,1,0,0,1,0,0,0,0,1,1,0,1,0,0,0,0,0,1,0,0,0,0,1,0,0,0,0,0,0,0,1,0,1,0,0,0,0,0,1,0,0,1,0,1,0,0,0,0,0,0,neg
0,1,0,0,0,0,0,0,0,0,0,1,1,1,1,0,0,0,0,0,1,1,0,1,1,0,1,1,1,1,1,1,1,1,0,0,0,0,0,1,0,0,0,0,0,0,1,1,0,1,1,0,0,1,0,1,0,0,1,1,0,0,0,0,1,0,1,1,1,0,1,neg
0,1,1,0,1,0,0,0,0,0,1,1,1,1,1,0,1,1,0,0,0,0,0,0,1,0,0,1,0,0,1,0,0,0,0,1,1,0,1,0,1,0,0,0,0,0,1,0,0,0,0,0,0,0,1,0,0,0,0,1,0,0,0,0,1,0,0,0,0,0,0,neg
0,0,0,0,0,0,0,0,0,0,0,0,1,0,1,0,0,0,0,0,0,1,0,0,0,1,1,1,1,0,1,0,0,0,0,1,0,0,0,0,0,1,1,0,0,1,1,0,0,0,0,0,0,0,1,0,1,0,0,0,0,0,0,0,0,0,1,1,1,1,0,neg
0,1,1,0,1,0,0,0,0,0,0,0,1,0,1,0,1,1,0,0,0,0,0,0,1,0,0,0,0,0,1,0,1,0,0,1,1,0,0,1,0,1,0,0,0,1,0,1,0,1,0,1,0,0,0,0,0,1,0,1,0,0,0,0,0,0,0,1,0,0,1,neg
1,1,1,0,0,0,0,0,0,0,1,1,0,0,0,0,1,0,0,0,0,1,0,0,0,0,1,1,0,0,0,0,1,0,1,0,1,0,0,1,0,0,0,0,0,0,1,0,0,1,0,0,1,0,0,0,0,0,0,0,0,0,1,1,1,1,0,0,0,0,0,neg
0,1,1,0,1,1,0,1,1,0,1,0,0,1,1,0,1,0,0,0,1,1,1,0,1,0,0,1,0,0,1,0,0,0,0,0,1,0,1,1,0,0,0,0,0,1,0,1,0,1,0,0,0,0,0,1,0,0,0,1,0,0,1,0,1,0,1,0,0,1,1,neg
1,1,0,0,1,0,0,0,0,0,1,0,0,0,1,0,1,1,1,0,1,1,0,0,1,0,1,1,0,1,1,0,0,0,1,1,1,0,1,1,0,1,1,0,0,0,0,0,1,1,0,0,0,0,1,0,0,1,0,1,0,1,1,0,1,0,1,0,0,0,1,neg
0,0,1,0,1,1,0,1,0,0,1,0,0,1,0,0,0,1,0,0,0,0,0,1,1,0,0,0,0,0,0,1,0,0,1,0,0,0,1,0,0,0,0,0,0,0,0,0,0,0,0,0,0,1,0,1,0,1,0,1,0,0,0,0,1,0,0,0,1,0,0,neg
0,1,0,0,0,0,0,0,0,0,1,0,0,0,1,0,1,0,0,1,0,1,0,0,1,0,0,1,0,0,1,1,1,1,0,1,1,0,0,1,0,0,1,0,0,0,1,0,0,1,0,0,0,0,1,0,0,0,0,1,0,0,0,0,0,0,0,0,0,1,0,neg
0,1,1,0,1,1,1,0,1,0,1,0,1,0,0,0,1,1,0,0,0,0,0,0,1,0,1,0,0,0,1,1,0,1,0,0,1,0,1,0,0,0,0,0,1,0,0,1,0,1,0,0,0,0,1,1,0,0,0,1,0,0,1,0,0,0,0,0,0,0,0,neg
0,1,0,0,0,1,1,0,0,0,1,1,0,1,1,0,0,0,0,0,0,0,0,0,0,0,0,0,0,0,0,0,0,0,0,0,0,0,0,1,0,0,1,0,0,0,0,1,1,0,0,0,1,0,0,1,0,0,0,0,0,0,0,0,0,1,0,1,0,0,0,neg
1,1,1,0,0,0,0,1,0,1,1,1,0,0,1,0,0,0,0,0,1,1,0,0,1,1,0,1,0,0,1,1,0,0,0,1,0,0,0,1,0,1,0,0,0,0,1,1,1,1,0,0,0,0,0,1,0,0,0,1,1,0,0,0,0,1,1,1,0,0,0,neg
0,0,1,0,0,0,1,0,1,0,1,1,1,1,0,0,1,0,0,0,1,1,0,0,1,0,1,1,1,0,1,1,0,0,0,0,1,0,0,0,1,0,0,0,0,0,1,1,0,1,0,0,1,1,0,0,0,1,0,1,1,0,1,0,1,1,1,1,0,0,0,neg
1,0,1,0,0,0,0,1,0,0,0,0,1,0,1,1,1,1,0,0,0,1,0,0,1,0,1,0,0,1,1,1,1,0,1,0,1,0,1,0,0,0,0,0,0,1,0,1,1,1,0,0,0,0,0,1,0,0,0,1,0,1,0,1,1,0,0,0,0,0,0,neg
0,1,1,0,1,0,0,1,0,0,1,0,0,1,1,0,0,1,1,1,0,1,0,0,1,0,0,0,0,1,0,1,0,0,0,0,1,0,1,0,0,0,0,0,0,1,1,1,0,1,0,0,1,1,0,0,0,1,0,1,0,0,0,0,0,0,0,0,0,1,1,neg
0,1,1,0,0,0,0,1,0,0,1,0,1,1,1,1,1,1,0,0,0,1,0,1,1,0,0,1,0,0,1,1,0,0,1,0,1,0,1,0,0,0,1,0,1,0,0,1,0,1,0,0,1,0,1,1,0,0,0,1,0,0,0,0,1,0,0,0,0,0,0,neg
1,1,0,1,0,0,0,0,0,0,1,0,0,1,0,1,0,1,0,0,0,1,1,0,0,0,0,0,0,1,1,0,0,0,0,0,0,0,1,1,0,0,0,0,0,0,0,0,1,1,0,0,0,1,0,0,0,0,1,1,1,0,0,0,0,0,0,0,0,1,0,neg
1,1,1,0,1,0,0,0,0,0,1,0,0,1,1,0,0,0,0,0,1,1,0,0,1,0,0,1,1,0,1,0,1,0,1,1,1,0,0,0,1,0,0,0,0,1,0,1,1,1,0,1,0,1,0,1,0,1,0,1,0,0,0,0,1,0,1,1,0,0,0,neg
0,0,1,0,0,0,0,0,0,0,0,1,0,1,0,0,0,0,0,1,1,0,0,0,1,0,0,0,1,0,1,1,0,0,0,1,0,0,0,0,0,0,0,0,0,1,0,0,0,0,0,0,0,0,0,0,1,0,0,1,0,0,0,0,0,0,0,0,0,0,0,neg
0,0,1,0,0,0,0,1,0,0,1,0,0,0,0,0,0,0,0,0,1,0,1,0,0,0,0,0,1,0,1,1,1,0,0,0,1,0,1,0,0,0,0,0,0,0,0,0,0,1,0,0,1,0,0,1,0,1,1,0,0,0,1,0,1,1,0,1,0,0,0,neg
0,0,1,0,1,0,0,0,0,0,1,1,0,1,1,0,0,1,0,0,0,0,0,1,0,1,1,1,0,0,0,0,0,0,0,0,0,1,1,1,0,0,0,0,1,0,0,1,0,0,1,0,0,1,1,0,0,0,0,1,1,0,1,0,0,0,0,0,0,1,0,neg
1,1,1,1,1,1,0,1,0,0,1,0,0,0,0,0,0,0,0,0,1,1,0,0,1,0,0,1,1,0,1,1,1,0,0,1,1,0,0,1,0,0,0,0,0,0,0,1,0,1,0,0,0,0,0,1,0,0,0,1,1,0,1,0,1,0,0,1,1,1,0,neg
0,1,0,0,0,0,0,1,0,0,1,0,0,0,0,0,1,1,1,0,0,0,0,1,1,0,0,1,1,1,1,0,0,0,0,1,1,0,1,0,0,1,0,0,0,0,0,1,1,1,0,0,0,0,0,0,0,0,0,1,1,0,1,0,0,0,0,0,0,0,1,neg
1,0,0,0,0,1,0,1,0,0,1,0,0,0,0,0,1,1,1,0,0,0,0,0,0,0,0,0,0,0,1,1,1,0,1,0,0,0,1,0,0,0,0,0,0,0,0,0,0,1,0,0,0,0,0,1,0,0,1,1,1,0,1,0,1,0,1,0,1,0,0,neg
0,0,0,0,1,0,0,0,0,0,1,0,0,0,0,0,0,0,0,0,1,0,0,0,1,1,0,0,1,0,1,1,0,0,0,0,1,0,0,1,0,1,0,0,0,1,0,0,0,1,1,0,0,0,0,0,0,0,0,1,0,0,1,0,0,1,0,1,0,0,0,neg
0,1,0,0,0,0,0,0,1,0,1,0,1,0,1,0,1,1,0,0,0,0,0,0,1,0,0,0,0,1,0,1,0,0,0,1,0,0,1,0,1,1,0,0,0,0,1,1,1,0,0,0,0,0,0,0,0,1,1,1,1,0,1,1,1,0,0,0,1,0,0,neg
0,1,1,0,0,0,0,0,0,0,1,1,0,0,0,0,1,1,0,0,0,0,0,0,1,0,0,0,0,0,1,0,0,0,0,0,0,0,1,0,0,1,0,0,0,0,0,1,0,1,0,0,1,0,0,1,0,1,0,1,1,0,0,0,0,0,1,0,1,0,0,neg
0,1,0,0,1,0,0,0,0,0,1,0,1,0,1,0,0,1,0,0,0,0,0,1,1,0,0,0,0,0,0,0,1,1,0,1,1,0,1,1,0,0,0,0,1,0,0,1,1,1,1,0,1,0,0,0,0,1,0,1,0,0,0,0,1,0,1,0,0,0,1,neg
0,1,0,0,1,0,0,1,1,0,1,0,1,1,1,0,1,0,0,0,0,1,0,0,1,0,0,1,0,0,1,1,1,0,0,0,1,0,0,1,0,1,0,0,1,0,1,1,0,1,0,1,0,0,1,1,0,0,0,1,0,0,1,0,1,0,1,1,0,0,0,neg
0,1,1,0,0,0,0,0,0,0,0,0,0,0,1,0,1,0,0,0,0,0,0,0,0,0,0,1,0,0,1,1,0,0,1,1,1,0,0,0,0,0,0,0,0,0,0,1,0,1,0,0,0,0,1,1,0,1,0,0,0,1,1,0,1,1,1,1,0,0,0,neg
0,0,0,0,1,0,0,1,0,0,0,1,0,0,0,0,1,1,0,0,0,0,0,1,1,0,0,1,1,1,0,1,0,1,0,1,0,1,1,1,0,1,0,0,0,0,0,1,0,0,0,0,1,0,1,0,0,1,0,1,0,0,0,0,0,1,1,1,0,1,1,neg
0,0,1,0,0,0,0,0,0,0,1,1,0,0,0,0,0,1,1,0,0,0,1,0,0,1,0,0,1,0,1,0,1,0,0,1,0,0,1,0,1,1,0,1,0,0,0,0,0,1,0,0,0,1,0,0,0,0,1,1,0,0,1,0,0,0,0,0,0,0,0,neg
0,0,1,0,0,0,0,1,0,0,1,0,0,0,0,0,0,1,0,0,1,0,0,0,0,0,0,1,1,1,1,1,0,0,1,1,1,0,1,1,0,0,0,0,0,1,0,1,1,1,1,0,0,0,0,1,0,0,0,0,1,0,0,0,1,0,0,0,0,0,0,neg
0,0,0,0,1,0,0,0,0,0,0,0,1,1,0,0,0,1,0,0,1,0,1,0,1,0,0,0,0,1,0,0,0,0,0,0,0,0,1,0,0,0,0,0,0,1,0,0,0,0,0,1,0,0,0,1,0,0,1,1,0,0,0,1,0,0,0,1,0,0,0,neg
0,1,0,0,1,0,0,0,0,0,1,1,0,0,1,0,0,0,0,0,0,0,0,0,0,1,0,0,0,0,0,0,1,1,1,0,1,0,0,1,0,0,0,0,0,0,1,1,0,1,0,0,1,0,0,0,0,0,0,0,0,0,0,0,1,0,1,0,0,1,1,neg
0,1,1,0,0,0,0,1,0,0,0,1,0,0,1,0,0,1,0,0,1,1,0,0,1,0,0,1,0,0,1,1,1,0,0,0,1,0,1,1,0,1,0,0,0,0,0,1,0,1,0,0,0,0,0,0,0,0,0,1,1,0,1,0,0,0,0,0,0,0,1,neg
0,1,1,0,1,0,0,1,0,0,0,0,0,0,1,0,0,1,1,1,0,1,0,0,1,0,1,0,0,0,0,0,0,0,1,0,1,0,1,0,0,0,0,0,0,1,0,0,0,1,0,0,0,0,0,1,0,0,0,1,0,0,1,0,0,0,0,0,0,0,1,neg
0,1,0,0,0,0,0,0,0,0,0,1,0,0,1,0,0,0,0,1,1,0,0,1,1,1,0,0,0,0,0,1,0,0,1,1,1,0,0,0,0,0,1,0,1,0,0,0,1,1,0,0,0,0,0,1,0,1,0,1,0,1,0,0,1,0,0,0,1,0,1,neg
1,1,1,1,0,1,1,0,0,0,1,0,0,1,1,0,1,1,0,1,1,0,0,0,1,0,1,0,0,1,1,1,0,1,0,0,1,0,1,1,1,0,0,0,0,0,0,1,0,1,0,0,1,0,0,1,0,0,0,1,0,0,1,0,0,0,0,0,0,0,1,neg
0,1,1,0,0,0,0,0,0,0,1,0,0,1,1,0,1,1,0,0,0,0,0,0,1,0,0,1,0,1,1,0,1,0,1,1,1,0,1,0,0,0,0,0,1,0,0,1,0,1,0,1,0,0,0,0,0,1,0,1,1,1,1,0,0,0,0,0,0,0,0,neg
0,1,1,0,1,0,0,0,0,0,1,0,0,0,1,0,1,1,0,0,1,0,0,1,1,0,0,1,1,0,1,0,1,0,0,1,1,0,1,1,0,0,0,0,0,0,0,0,0,1,0,0,0,0,0,0,0,0,0,1,1,1,0,0,1,0,0,0,0,1,0,neg
0,0,0,0,0,0,0,0,0,0,0,0,0,0,0,0,0,0,1,0,0,1,0,1,1,1,0,1,0,0,0,1,0,0,1,0,0,1,0,0,0,0,0,0,1,0,0,0,0,0,0,0,1,1,0,0,0,0,1,1,1,0,0,0,0,0,1,0,0,0,1,neg
0,1,1,0,1,0,0,0,0,0,1,0,0,0,0,0,1,1,0,1,0,1,0,1,1,0,0,0,0,0,1,1,1,0,0,1,0,0,1,1,0,1,1,0,0,1,0,0,0,1,0,0,0,1,1,0,0,0,0,1,1,0,1,0,0,1,0,0,1,0,0,neg
0,0,1,0,0,0,0,1,0,0,1,0,0,1,1,0,0,0,0,0,0,0,0,1,1,0,0,0,1,1,1,0,1,0,0,1,1,0,0,0,0,0,0,0,0,0,0,1,1,1,0,0,0,0,0,0,0,0,0,1,1,0,0,1,1,0,0,0,1,0,0,neg
0,0,1,0,0,0,0,0,0,1,1,0,0,1,0,0,1,0,0,0,0,0,0,0,1,0,0,1,0,0,1,0,1,0,1,0,1,0,0,1,0,0,0,1,0,0,0,1,1,0,1,0,0,1,0,0,0,0,1,1,1,0,1,0,0,0,0,0,1,1,0,neg
0,0,0,1,1,0,0,0,1,1,0,0,0,0,1,0,0,0,1,0,0,0,0,1,1,0,1,0,0,0,1,0,1,0,0,0,0,0,1,0,0,0,0,0,1,0,0,0,0,1,0,0,0,0,0,0,0,0,1,1,1,0,0,0,1,1,1,0,1,0,0,neg
0,1,1,0,1,0,0,1,0,0,1,0,0,1,1,1,1,1,0,0,0,1,0,0,1,0,0,1,0,1,1,0,0,0,0,1,0,0,1,0,1,0,0,0,0,1,0,1,0,1,0,1,0,0,0,1,1,1,1,1,0,0,1,0,1,0,0,1,0,0,1,neg
1,0,1,0,0,0,0,1,1,0,1,1,1,0,0,0,1,1,1,0,0,0,0,0,1,0,0,0,0,0,1,1,1,0,1,0,1,0,1,0,0,0,0,0,1,0,0,1,1,1,0,0,1,0,1,1,0,0,0,1,0,0,0,0,0,0,1,1,0,0,0,neg
0,1,0,0,1,0,0,0,0,0,1,0,0,1,1,0,0,1,0,0,1,1,0,0,1,0,0,1,0,0,1,1,1,0,0,1,1,0,1,0,0,0,0,0,1,1,0,1,0,1,0,0,0,0,0,1,0,1,0,1,0,0,1,0,1,0,0,0,0,0,1,neg
0,1,0,0,0,0,0,1,1,0,1,1,1,0,0,1,0,1,0,0,0,1,0,0,0,0,0,1,0,0,0,0,0,0,1,0,0,0,1,0,0,0,0,0,1,0,0,1,0,1,0,0,0,0,0,1,0,0,0,1,1,0,1,0,0,0,0,0,0,0,1,neg
0,0,1,0,0,0,0,1,1,0,1,0,1,1,1,0,0,0,0,0,1,1,0,1,1,1,0,0,1,0,1,0,0,1,0,1,0,0,0,1,1,0,0,0,0,0,0,1,0,1,0,0,0,0,0,0,0,1,0,1,1,0,0,0,0,0,0,0,1,0,0,neg
0,1,1,0,1,0,0,0,0,0,1,0,0,1,1,0,0,0,0,1,0,0,0,0,1,0,0,0,0,0,0,1,0,0,0,0,1,0,0,1,0,0,0,0,0,0,0,1,1,1,0,0,1,0,0,1,1,0,1,1,0,0,0,0,0,1,1,1,0,1,1,neg
0,1,0,0,0,0,1,1,0,0,0,0,1,0,1,0,1,0,0,1,0,0,0,0,1,0,0,1,0,0,1,0,0,0,1,0,0,0,0,0,0,0,0,0,0,0,0,1,0,1,0,0,0,0,0,0,0,1,0,1,0,1,0,0,1,0,0,0,0,0,0,neg
0,1,0,0,0,0,0,1,0,0,1,1,0,0,0,0,1,0,0,1,1,0,0,0,1,0,0,0,1,1,1,0,1,0,1,0,1,0,0,0,1,0,0,0,0,0,0,0,0,1,0,0,0,0,0,1,0,0,0,1,0,0,0,0,0,0,1,0,0,0,0,neg
0,1,1,0,0,0,0,0,0,0,1,0,0,0,0,0,0,0,0,0,1,0,0,0,1,0,0,1,1,0,0,1,1,0,0,1,1,0,0,1,1,1,0,0,1,1,0,1,0,1,0,0,0,0,1,0,0,0,0,1,0,0,0,0,0,0,0,0,0,0,0,neg
0,1,1,0,0,1,0,0,0,0,1,0,0,1,1,1,0,1,0,1,1,1,0,0,1,0,0,0,1,1,1,0,1,0,0,1,1,0,1,1,0,0,1,0,0,0,0,1,1,0,0,0,0,0,1,0,0,1,0,1,0,0,0,0,0,0,0,0,0,0,0,neg
0,0,0,0,0,0,0,0,0,0,1,0,1,1,1,0,1,0,0,0,1,1,0,0,1,0,0,1,1,0,1,0,1,0,1,1,1,0,0,0,0,0,0,0,0,1,0,1,1,1,0,0,0,0,1,1,0,0,0,1,0,0,1,0,1,0,0,0,1,0,1,neg
1,1,0,0,0,1,0,0,0,0,1,1,0,1,0,0,1,0,1,0,0,0,1,0,1,0,0,1,1,1,1,0,1,1,1,1,1,0,0,1,1,0,0,0,0,0,0,1,0,1,1,1,0,0,0,1,0,0,0,1,0,0,1,0,0,0,0,0,0,0,0,neg
1,1,1,0,0,0,0,0,0,0,1,0,0,1,1,1,1,0,0,0,0,1,0,0,1,0,0,0,0,1,1,1,0,0,0,1,1,0,1,0,1,1,0,0,0,0,0,0,0,1,0,0,0,0,0,1,0,1,0,1,1,0,0,0,0,1,0,0,0,0,0,neg
0,1,1,0,0,0,0,0,0,0,1,0,0,1,0,1,1,1,0,0,0,1,0,0,0,0,0,1,1,0,1,1,1,0,0,0,1,0,0,0,0,0,0,0,0,1,0,1,0,1,0,0,0,0,0,1,1,0,0,0,1,0,1,0,0,0,0,0,1,0,0,neg
1,1,0,1,0,0,0,1,1,0,0,0,1,0,0,0,1,1,0,0,1,1,0,0,1,0,1,0,0,0,1,0,0,0,0,1,1,0,1,0,0,0,0,0,1,0,1,1,1,1,0,0,0,0,1,1,0,1,0,1,0,0,0,0,1,0,0,1,0,0,0,neg
0,1,1,1,0,0,0,0,1,0,1,1,1,0,1,1,0,0,0,0,0,0,0,0,0,1,0,1,0,0,0,0,0,0,1,0,1,0,0,0,1,0,0,0,0,0,0,0,0,1,0,0,1,0,0,1,0,0,0,0,1,0,0,0,1,0,1,0,0,0,0,neg
1,0,1,0,1,1,0,0,0,0,1,0,0,1,0,0,0,0,0,0,0,1,1,1,0,0,0,0,1,0,0,0,0,0,0,0,0,0,0,0,0,1,0,0,0,0,1,0,0,0,1,0,0,1,0,0,0,1,0,0,0,0,0,0,1,1,0,1,1,0,0,neg
0,1,1,0,0,1,0,0,0,0,1,1,0,1,0,0,0,1,0,0,1,0,0,0,1,1,0,0,0,0,1,0,0,0,0,0,1,0,1,0,0,0,1,0,0,0,1,1,1,0,0,0,0,0,1,0,0,0,0,1,1,0,1,0,1,1,1,0,0,0,0,neg
0,1,1,0,1,1,0,1,0,0,1,1,0,0,0,0,1,1,0,0,1,1,0,0,1,0,0,0,1,1,0,1,0,0,0,1,0,0,0,0,0,1,0,0,0,0,0,0,0,1,0,0,0,1,0,1,0,0,0,1,0,0,0,0,1,1,1,1,1,0,0,neg
1,1,1,0,0,0,0,0,0,0,1,0,0,1,1,0,0,0,0,1,0,0,1,0,1,0,0,1,0,1,1,1,0,0,0,0,1,0,1,1,0,0,0,0,0,1,1,1,0,1,0,0,0,0,1,0,0,1,0,1,1,0,0,0,0,1,1,0,0,0,0,neg
0,1,1,0,1,0,0,0,0,0,1,1,0,0,1,0,0,0,0,0,1,0,0,1,0,1,0,1,0,0,0,0,0,0,1,1,1,0,0,0,1,0,0,0,0,0,0,0,0,1,0,0,1,0,1,1,0,0,1,1,0,0,1,0,0,1,0,1,1,1,1,neg
0,0,0,0,0,0,0,0,1,0,1,0,0,1,0,0,0,1,0,1,0,0,0,1,0,0,0,0,0,0,1,0,0,0,1,0,1,0,1,0,0,0,0,1,0,0,0,1,1,0,0,0,1,0,1,1,0,0,1,0,0,0,0,0,1,0,1,0,1,0,0,neg
0,1,0,0,0,0,0,0,0,0,0,1,0,0,0,0,0,0,0,0,0,0,0,0,0,0,0,1,0,0,1,0,1,0,0,0,1,0,1,0,0,0,0,1,0,1,0,1,0,1,1,0,0,0,1,1,0,1,0,0,0,0,1,0,0,1,0,0,0,1,0,neg
0,1,0,0,0,1,0,1,0,0,1,0,0,0,0,0,0,0,0,0,1,0,0,0,0,0,0,1,0,0,1,1,0,0,0,0,0,0,0,0,0,0,1,0,1,1,0,1,0,0,0,0,0,0,1,0,1,0,0,0,1,1,0,0,0,0,0,0,1,0,0,neg
0,1,0,0,0,0,0,1,1,0,1,0,1,1,1,0,0,1,0,0,1,1,0,0,1,0,0,1,1,1,1,1,1,0,1,0,1,0,1,0,1,1,0,1,0,0,0,1,0,1,0,0,0,1,1,1,0,0,0,1,1,0,0,0,0,0,0,0,0,0,0,neg
1,1,1,0,1,0,0,0,0,0,0,1,0,1,1,0,0,1,0,0,1,0,0,0,1,0,0,1,0,0,0,1,1,1,0,1,0,0,1,0,0,0,1,0,0,0,1,0,0,1,0,0,1,0,0,1,0,0,0,1,1,0,0,0,1,1,0,1,0,1,0,neg
1,1,1,0,0,1,1,0,1,1,1,0,0,0,1,0,0,1,0,0,0,0,0,0,0,0,0,0,1,0,1,0,1,0,0,0,1,0,1,0,1,0,0,0,1,0,0,0,0,0,0,0,0,0,0,0,1,0,0,1,0,0,0,0,0,0,0,0,1,0,1,neg
0,0,0,0,0,0,0,0,0,0,1,0,1,0,0,0,1,1,1,0,0,1,0,1,1,0,0,1,0,0,1,0,1,0,1,0,1,0,1,1,1,1,1,0,1,1,0,0,0,0,0,1,0,1,0,0,0,0,0,1,0,0,1,1,1,1,0,1,0,0,0,neg
0,0,1,0,0,0,1,1,1,0,1,1,0,0,0,0,0,0,0,0,0,1,0,1,1,0,0,1,0,0,0,1,1,0,1,0,1,0,0,0,0,1,0,0,0,0,0,1,1,1,0,0,1,0,1,1,0,0,0,1,1,0,1,0,0,0,0,0,0,0,0,neg
0,0,0,0,0,0,0,0,1,1,1,1,0,0,1,0,1,1,0,0,0,0,0,0,1,0,0,0,1,1,0,0,1,0,1,0,1,0,0,0,0,0,0,1,0,0,0,1,0,1,0,0,1,0,0,1,0,0,0,1,0,0,0,1,1,0,0,0,1,0,0,neg
1,1,0,0,1,0,0,1,1,0,1,0,1,1,1,0,1,1,1,0,1,1,0,0,1,0,1,0,1,1,0,1,1,0,0,1,0,1,0,0,0,0,0,0,0,1,0,1,1,1,0,0,1,0,1,1,0,0,1,1,0,0,1,0,0,0,0,0,0,1,1,neg
0,0,0,0,1,1,0,0,0,0,0,1,0,1,1,0,0,0,0,1,0,0,0,0,0,0,0,1,0,0,0,1,0,1,0,0,1,0,0,0,0,0,0,0,0,0,0,1,0,1,0,0,0,0,1,1,0,1,0,1,1,1,1,0,1,1,0,1,0,0,1,neg
0,0,0,0,0,0,0,1,1,0,1,0,0,1,1,0,0,1,0,0,1,0,0,0,0,0,0,0,0,0,0,0,0,0,0,1,1,0,0,1,0,1,0,0,0,0,0,0,1,0,0,1,0,0,1,1,0,0,0,1,1,0,0,0,1,0,0,1,0,1,0,neg
0,1,0,0,1,1,0,0,0,0,0,0,1,0,0,0,0,0,0,0,0,0,0,1,1,0,1,0,0,1,1,0,1,1,1,1,1,0,0,1,0,0,0,0,0,1,1,1,0,1,0,1,0,0,1,1,0,0,0,1,1,0,0,0,1,0,0,1,0,0,1,neg
1,0,0,1,0,1,0,1,0,0,1,0,0,1,1,0,0,1,0,1,0,0,0,1,0,0,0,0,1,0,0,0,0,0,1,1,1,0,1,0,0,1,1,1,0,0,1,1,0,1,1,0,0,0,0,1,0,0,0,0,1,0,0,0,1,1,0,1,0,1,1,neg
0,0,1,0,0,0,0,0,0,0,0,1,0,1,0,0,1,0,0,0,1,0,0,0,0,0,1,1,0,1,0,1,0,1,0,1,0,0,0,1,0,0,0,0,0,1,1,1,0,1,0,1,0,0,0,1,0,0,0,0,1,0,0,0,1,0,0,0,1,0,0,neg
0,1,1,0,1,1,0,1,1,0,1,0,1,1,0,0,0,0,0,0,1,0,0,0,1,0,0,0,1,1,0,1,1,0,0,0,0,0,0,0,0,0,0,0,0,0,0,0,0,0,0,0,0,1,1,1,0,0,1,1,0,0,0,0,1,0,0,0,1,0,0,neg
0,1,0,0,1,1,0,0,1,0,1,0,1,1,1,0,0,1,1,0,1,0,1,1,0,0,0,1,0,0,1,0,0,0,0,0,1,0,1,0,0,1,0,0,1,0,1,0,0,1,0,0,0,0,0,0,0,0,0,0,0,1,0,0,1,0,1,0,0,0,0,neg
0,0,0,0,0,0,0,0,0,1,1,0,0,0,0,0,0,1,1,0,0,0,0,0,1,0,0,1,1,1,0,0,0,1,0,1,0,0,1,1,0,1,0,0,0,0,0,1,0,0,0,0,1,0,1,0,0,1,0,1,0,0,1,0,0,0,0,0,0,1,0,neg
1,1,0,0,0,1,0,0,0,0,0,1,1,0,1,0,0,1,0,0,0,1,0,0,1,0,0,0,1,0,1,1,0,0,1,0,1,0,0,1,0,0,1,0,0,1,0,0,0,0,0,0,0,1,0,1,0,0,1,1,1,0,0,0,1,0,1,0,1,1,0,neg
0,1,1,0,0,0,1,0,0,0,1,1,0,0,0,0,0,1,0,0,0,0,0,1,1,0,0,1,0,0,0,1,1,0,0,1,1,0,1,1,0,0,0,0,0,0,0,0,0,1,0,0,0,0,0,0,0,0,0,1,0,0,0,0,0,0,1,0,0,0,0,neg
1,0,0,0,0,1,1,0,1,0,1,0,0,0,0,0,0,0,0,0,0,0,0,0,0,0,0,1,0,1,1,0,1,0,0,1,0,1,1,1,1,1,0,0,1,0,0,0,0,1,0,0,0,0,0,0,1,0,0,0,1,0,1,1,1,1,1,0,0,1,1,neg
1,0,0,1,0,0,0,0,0,0,1,1,0,0,1,0,0,0,0,0,0,1,0,0,1,0,0,1,0,0,0,1,1,0,0,1,1,0,0,0,1,0,0,1,0,0,0,0,0,0,0,0,0,0,0,0,0,0,0,1,0,1,1,1,1,1,1,1,0,0,0,neg
1,1,1,0,0,0,0,1,0,0,0,0,0,1,1,0,1,0,0,0,1,1,0,1,1,0,0,1,1,0,1,1,1,0,0,1,0,0,0,0,0,0,0,0,0,0,0,0,0,1,0,0,0,0,0,1,0,0,0,1,0,0,0,0,0,1,0,0,0,0,0,neg
1,1,0,0,0,0,0,0,1,0,1,0,0,1,1,0,0,1,0,1,1,0,0,0,1,0,0,0,1,0,0,1,1,0,0,1,1,0,0,0,1,0,0,1,1,0,0,1,0,1,0,0,1,0,0,1,0,1,1,1,0,0,1,0,1,0,0,0,1,0,0,neg
0,1,1,0,1,0,0,0,0,0,1,1,1,1,1,0,1,0,0,0,1,1,0,0,1,0,0,1,1,0,1,1,0,0,0,1,1,0,0,0,0,0,0,0,0,0,0,0,0,1,0,0,0,0,0,1,0,1,0,1,1,0,1,0,1,0,1,1,0,0,0,neg
0,1,0,1,1,1,0,1,1,1,1,0,1,1,1,0,1,1,1,1,1,1,1,0,1,0,0,1,0,1,1,0,1,1,0,1,1,0,1,1,0,0,0,0,1,1,0,1,0,1,0,0,0,0,1,1,0,0,0,1,0,0,1,0,0,1,0,0,0,1,0,neg
0,1,0,0,0,0,0,0,0,1,1,1,0,1,1,0,0,0,1,0,1,1,0,1,0,0,1,1,0,1,1,0,0,0,0,1,1,0,0,1,1,0,1,1,0,1,1,0,0,1,0,0,0,0,0,1,0,0,1,0,1,0,0,1,0,0,0,1,0,0,1,neg
0,1,0,0,0,0,0,1,0,0,1,1,0,0,0,0,1,1,0,0,1,1,0,0,1,0,0,1,1,1,1,0,0,1,0,1,1,0,1,0,1,0,0,0,0,0,0,0,0,1,0,0,1,0,1,0,1,0,0,1,0,0,1,0,0,0,1,0,1,0,0,neg
0,0,1,1,0,0,0,0,1,0,0,0,0,0,0,0,0,0,0,1,0,0,0,0,1,1,0,1,0,0,1,0,1,0,0,0,0,0,1,0,1,1,0,0,1,0,1,1,1,0,0,0,0,0,1,0,0,0,1,1,0,0,0,0,0,0,0,0,1,0,1,neg
1,1,0,0,1,1,0,0,1,0,1,1,1,1,0,0,0,0,0,0,1,1,0,1,1,0,0,1,0,0,1,1,1,0,1,0,0,0,0,1,0,0,0,0,1,1,0,1,0,0,0,0,0,0,1,1,0,0,0,1,0,0,0,0,0,1,0,1,0,0,0,neg
1,0,0,0,0,0,0,0,0,1,0,1,0,0,1,0,0,1,0,0,0,0,0,0,0,0,0,0,0,0,0,0,0,1,0,0,0,0,1,0,0,0,0,0,0,0,0,1,0,0,0,0,1,0,0,1,0,0,0,0,1,1,1,0,0,0,0,0,1,0,0,neg
1,0,0,0,0,0,0,0,0,1,1,0,0,0,0,1,0,0,0,0,0,1,0,0,1,0,0,0,0,0,1,0,0,0,0,1,1,0,1,1,0,1,0,0,0,0,1,0,0,1,0,0,0,0,0,0,0,0,0,1,0,0,0,0,1,0,0,0,0,0,0,neg
0,1,0,0,0,0,0,0,1,0,0,0,0,0,1,0,0,0,0,1,0,0,0,0,1,1,0,0,1,0,0,0,0,0,0,1,0,0,0,0,0,0,1,0,0,0,0,1,0,1,0,0,0,0,0,1,0,1,0,1,1,0,0,1,0,0,1,0,0,0,0,neg
0,0,0,0,0,0,1,0,0,0,0,1,0,1,1,0,0,0,0,0,1,0,0,0,1,0,0,1,1,0,0,1,1,0,0,1,0,0,0,1,0,0,0,1,0,0,0,1,0,1,0,1,0,0,0,0,0,0,0,1,0,0,0,0,0,1,1,0,0,0,0,neg
1,0,0,0,0,0,0,1,0,0,1,0,0,1,1,0,0,1,0,1,0,0,0,1,1,0,0,0,0,0,0,0,0,0,1,1,1,0,0,0,0,0,0,0,0,1,0,0,0,1,0,0,0,0,0,0,0,0,1,1,0,0,0,0,0,0,0,0,0,0,0,neg
0,1,1,0,1,1,0,1,0,0,0,0,0,1,1,0,0,0,0,0,0,0,0,1,1,0,0,0,1,0,1,0,0,0,0,0,1,0,0,0,0,0,0,0,0,0,1,0,0,1,0,0,0,0,0,1,0,1,0,1,0,0,0,0,1,0,0,0,1,0,1,neg
0,1,1,0,0,0,0,0,0,0,1,0,0,0,0,0,0,1,1,0,1,0,0,0,1,1,0,1,0,0,0,1,0,0,0,1,1,0,0,0,1,0,0,0,1,1,0,1,0,1,0,0,1,0,0,0,1,0,0,1,1,0,0,1,0,0,0,0,0,0,0,neg
1,1,1,0,0,1,0,0,0,0,1,1,0,1,1,0,1,1,0,0,0,0,0,0,1,0,0,1,1,1,1,0,1,0,1,0,0,0,0,1,0,1,1,0,0,0,0,1,0,1,1,0,0,0,0,1,0,1,1,1,0,0,1,0,1,0,1,0,0,0,0,neg
0,1,1,0,0,1,0,0,0,0,1,0,0,0,0,0,0,1,0,0,0,0,0,0,0,0,0,0,0,1,0,0,1,0,1,1,0,1,1,0,0,0,0,1,0,1,0,1,0,1,0,0,1,0,1,1,0,0,0,0,0,0,0,0,0,1,0,0,0,0,0,neg
0,1,0,0,1,0,0,1,0,0,1,0,1,1,0,0,0,1,0,0,0,0,0,0,0,0,0,0,1,1,1,1,1,0,1,0,1,0,1,0,0,0,0,0,1,0,1,0,0,0,0,0,1,0,0,1,1,0,0,0,0,1,0,1,1,1,0,1,0,0,0,neg
0,1,1,0,1,0,1,1,0,0,1,0,0,0,1,0,1,1,0,0,1,0,0,0,1,0,1,1,1,0,1,0,1,0,1,1,1,0,1,1,0,1,0,0,0,1,0,1,0,1,0,0,0,1,0,1,0,1,0,1,1,0,0,0,0,0,0,0,0,0,0,neg
1,1,1,0,0,0,0,0,0,0,1,0,0,0,0,0,1,0,0,0,1,0,0,0,1,0,0,1,0,0,1,0,1,0,0,1,0,0,0,1,0,0,0,0,0,0,1,0,0,1,0,0,0,0,0,1,0,0,1,1,0,0,0,1,0,0,0,0,0,0,0,neg
1,1,0,0,0,0,0,1,0,0,1,0,0,0,0,0,1,1,0,0,0,0,0,0,1,0,0,1,1,0,1,0,1,0,0,1,1,0,1,0,0,1,0,0,0,1,0,1,0,1,0,1,0,0,0,0,0,0,0,1,1,0,1,0,0,1,1,0,0,0,1,neg
0,1,0,0,1,0,0,0,1,1,1,1,1,1,0,0,1,1,0,0,0,0,1,0,0,0,0,1,0,0,1,0,0,1,1,0,1,0,1,1,0,1,1,0,1,0,0,1,0,1,0,1,0,0,1,0,0,0,0,0,0,1,1,0,0,1,0,0,0,0,0,neg
0,1,0,0,1,0,1,0,0,0,1,0,0,0,1,0,0,0,0,1,0,1,1,0,1,0,1,0,0,1,1,0,0,0,0,0,1,0,0,1,0,0,0,0,0,0,0,0,0,0,0,0,1,1,0,1,1,0,0,1,1,1,1,0,0,1,1,1,0,0,1,neg
1,0,1,0,0,0,1,0,0,0,1,1,0,0,0,0,0,1,0,0,1,0,0,0,1,0,0,1,0,1,0,1,0,1,0,0,1,0,1,0,1,0,1,0,1,0,1,1,0,0,0,0,0,0,1,1,0,0,0,1,0,0,0,0,0,0,0,0,0,1,0,neg
0,1,0,0,1,0,1,1,0,0,1,1,0,1,1,0,1,1,0,0,1,1,0,0,1,0,0,0,1,0,1,0,0,0,1,1,0,1,1,1,0,0,1,0,0,1,1,1,0,1,0,0,0,0,0,0,0,0,1,1,0,1,0,0,1,0,1,1,0,0,0,neg
0,1,1,0,1,1,0,1,1,0,1,1,0,0,1,1,0,1,0,1,0,1,0,0,1,0,0,0,0,0,1,1,0,0,0,0,1,0,1,0,0,0,0,0,0,1,0,1,0,1,0,0,0,0,1,0,0,0,0,1,1,0,0,0,0,0,1,1,0,0,0,neg
0,1,0,0,0,0,0,1,0,0,1,1,1,1,1,0,1,0,0,0,1,1,0,1,1,1,0,1,1,1,1,0,1,0,0,1,1,0,1,1,0,0,1,0,0,1,0,0,0,1,1,0,0,0,0,0,0,0,0,1,1,1,0,1,1,1,1,1,0,0,0,neg
0,0,0,0,0,0,0,0,0,0,0,0,0,0,1,0,1,0,0,0,0,0,1,1,0,0,0,1,0,1,1,1,0,0,0,1,0,1,1,1,0,0,1,0,0,0,1,1,0,1,1,0,0,0,0,0,0,0,0,0,1,0,0,0,1,0,0,0,1,0,0,neg
0,1,0,0,0,1,0,1,0,0,1,0,0,1,1,0,0,1,0,0,0,1,0,0,0,0,0,0,0,1,0,0,0,0,0,1,0,0,1,1,0,1,0,0,0,0,0,1,0,0,0,0,0,0,1,0,0,1,0,0,0,0,0,0,1,0,1,0,0,1,1,neg
1,0,1,0,0,0,0,0,0,1,1,1,0,1,1,0,0,1,0,0,1,1,0,1,1,1,0,0,1,0,0,0,0,1,1,0,0,0,1,1,0,0,0,0,0,0,0,1,1,1,0,1,0,0,0,0,1,0,0,1,0,0,0,0,1,0,1,0,1,0,0,neg
0,0,0,0,0,1,0,0,0,0,1,0,0,0,1,0,0,1,0,0,0,0,0,0,0,0,0,1,0,0,0,0,0,0,0,0,0,0,0,0,0,0,0,0,1,0,0,1,0,1,0,0,1,0,1,0,0,0,1,0,0,0,0,0,1,0,0,0,0,0,0,neg
0,0,0,0,0,0,0,1,0,1,0,1,1,0,0,0,1,0,0,0,0,0,0,0,0,0,0,0,0,1,1,0,1,0,0,0,1,0,0,1,0,0,0,0,0,1,0,1,0,0,1,0,0,0,0,1,0,0,0,0,0,1,0,1,0,1,0,0,0,0,0,neg
0,1,1,0,0,0,0,1,0,0,1,1,0,1,0,0,1,0,0,0,0,0,0,0,1,0,0,1,1,1,1,1,0,0,0,1,0,1,1,1,0,0,0,0,0,1,0,0,0,1,0,0,0,1,0,1,1,0,0,1,0,0,1,0,0,1,0,1,1,0,0,neg
1,1,1,0,1,1,0,1,0,0,0,1,1,1,1,0,0,1,1,0,0,1,0,0,1,0,1,1,1,1,1,0,0,0,0,0,0,0,1,0,1,0,1,0,0,0,0,1,1,1,0,0,0,0,0,0,0,0,0,1,0,0,0,0,1,1,1,0,0,0,0,neg
0,1,1,0,0,0,1,0,0,0,1,0,0,0,0,0,0,0,1,0,1,1,0,0,1,1,1,1,1,0,1,1,0,0,0,1,1,0,1,1,1,0,0,1,0,1,0,1,0,1,0,0,0,1,0,0,0,0,0,1,1,0,1,0,1,0,0,0,0,0,0,neg
1,1,1,1,0,0,0,1,0,1,1,0,0,1,1,0,0,1,0,0,1,1,0,0,1,0,0,1,1,0,1,1,1,0,0,1,1,0,1,0,0,0,0,0,0,0,0,1,1,1,0,0,0,0,0,0,0,1,0,1,0,1,1,0,1,0,0,0,0,1,1,neg
0,0,1,0,0,0,1,0,1,0,1,0,1,1,1,0,1,1,0,0,0,1,1,1,1,0,0,0,0,1,0,0,1,0,0,1,0,0,1,0,0,0,0,1,0,1,0,1,1,1,0,0,0,0,0,1,1,0,0,1,0,0,0,0,1,0,0,0,0,1,0,neg
0,0,1,0,0,0,0,1,0,0,1,0,0,0,1,0,1,0,0,0,0,0,0,1,1,0,0,1,1,1,1,1,0,0,1,0,1,0,1,1,0,0,0,0,1,1,1,0,0,1,0,0,1,0,1,1,0,0,0,1,1,1,0,0,1,0,0,1,0,0,0,neg
1,0,0,0,1,1,0,0,0,1,1,0,0,1,0,0,1,1,0,0,0,0,0,0,1,0,0,1,0,0,1,1,0,0,1,0,1,0,1,1,1,0,1,1,0,0,0,0,1,0,0,0,0,0,1,1,0,0,0,1,0,0,1,0,0,0,1,0,0,0,0,neg
0,0,0,0,1,0,0,1,0,0,1,0,0,1,0,0,1,0,0,0,1,1,0,1,1,1,0,1,0,1,1,0,1,0,1,1,1,0,1,1,0,0,1,0,1,1,0,0,0,0,0,0,0,0,0,0,0,0,0,1,1,0,0,0,1,0,0,0,0,1,1,neg
0,0,0,0,0,1,0,0,0,0,0,0,0,0,0,1,0,1,0,0,0,1,0,0,1,1,0,1,0,0,1,0,0,0,0,1,0,0,0,0,0,0,1,0,0,0,0,1,0,1,0,1,0,0,0,0,1,0,0,1,0,0,0,0,0,0,1,0,0,0,1,neg
1,0,0,0,1,0,0,0,1,0,1,0,0,1,0,1,0,0,0,0,1,0,1,0,1,0,0,0,1,0,1,0,1,0,0,0,1,0,0,0,0,1,0,0,1,1,1,0,1,1,0,0,0,0,0,1,0,1,1,1,0,0,1,0,0,1,1,1,0,0,1,neg
0,0,1,1,0,0,0,0,1,0,1,0,1,1,1,0,0,0,0,1,1,0,1,0,1,1,0,1,0,0,1,0,1,0,0,0,0,0,1,0,0,1,0,0,0,0,0,0,0,1,0,1,0,0,0,1,0,1,0,1,1,1,0,1,0,0,0,0,0,0,1,neg
1,1,0,0,0,0,0,1,0,0,1,1,1,1,1,0,1,1,0,0,0,0,0,1,1,1,0,0,0,0,0,0,0,0,1,1,0,0,1,1,0,0,0,0,0,0,0,1,1,1,0,0,0,0,0,0,0,0,1,1,1,0,0,0,1,0,1,1,0,0,0,neg
0,1,0,0,0,0,0,1,0,0,1,0,1,1,1,0,1,1,0,0,0,1,0,1,0,0,0,1,0,1,0,0,0,0,0,1,0,0,0,0,0,1,0,0,0,0,0,0,1,1,0,1,0,0,1,0,0,1,0,1,1,0,0,0,1,1,0,1,0,0,0,neg
0,1,1,0,0,0,0,1,0,0,1,0,0,1,1,0,0,1,0,0,0,1,0,0,1,1,0,1,0,0,1,1,0,0,0,1,1,0,1,1,0,0,1,0,0,1,0,0,1,1,0,0,0,0,0,0,0,1,0,1,1,0,1,0,1,1,1,1,0,1,1,neg
0,1,1,0,0,0,0,1,0,0,0,0,1,1,1,0,0,0,0,0,0,1,1,1,0,0,1,1,0,1,1,0,1,0,0,1,1,0,0,0,0,0,0,0,0,0,0,1,0,0,0,0,0,0,0,0,0,1,1,0,0,0,0,0,0,1,0,1,1,0,0,neg
1,1,1,0,1,0,0,1,0,0,1,0,1,1,1,0,1,0,0,0,0,1,1,0,0,0,0,0,0,0,1,0,1,0,1,1,1,0,0,1,0,1,0,0,0,0,0,0,1,1,0,1,0,0,1,0,0,1,1,0,0,0,1,0,1,0,1,0,0,0,0,neg
0,1,0,0,1,1,0,0,1,0,1,0,0,0,1,0,0,0,0,0,0,0,1,0,0,0,0,1,0,0,0,1,1,0,0,0,0,0,1,0,0,0,0,0,1,0,0,0,1,0,0,1,0,0,0,0,0,0,1,1,1,0,1,0,1,0,0,0,1,1,0,neg
1,0,0,0,1,0,0,1,0,1,1,1,0,1,0,0,0,1,0,0,0,0,0,0,1,0,0,0,1,1,1,1,0,0,0,0,1,0,1,0,0,0,0,0,0,1,0,0,0,0,0,1,1,0,0,0,0,0,0,1,0,0,1,0,0,1,0,0,0,0,1,neg
0,1,0,0,1,1,1,1,1,0,1,1,1,1,1,0,1,1,0,1,1,0,0,0,1,0,0,1,0,0,1,1,1,0,1,1,1,0,1,0,0,1,0,1,1,0,1,0,0,1,0,1,0,0,1,0,0,0,1,1,0,1,0,1,0,1,1,0,0,0,0,neg
0,0,1,0,0,0,1,1,0,0,0,1,0,1,1,0,0,1,0,0,0,0,0,0,1,0,0,0,0,0,1,0,0,0,0,1,1,0,1,1,1,1,0,0,0,0,0,0,1,1,0,1,1,0,1,0,0,1,0,1,0,0,0,0,1,0,0,1,0,0,0,neg
0,0,1,0,0,1,0,1,0,0,1,0,0,0,1,0,0,1,1,1,0,0,0,1,1,0,0,0,0,0,1,0,0,0,0,0,0,1,1,0,1,0,0,0,0,0,0,0,0,1,0,0,1,0,0,1,1,0,0,1,0,0,1,0,0,0,0,0,0,0,1,neg
0,0,0,0,1,1,0,0,0,0,1,0,1,1,1,0,1,0,0,0,1,0,0,0,1,1,0,1,1,0,1,1,0,0,0,0,1,1,0,1,0,0,1,0,0,1,0,1,0,1,0,0,1,0,0,1,0,1,0,1,0,0,1,0,1,0,1,0,0,0,0,neg
1,1,1,0,0,1,0,0,0,0,1,0,0,1,0,0,0,0,0,0,0,0,1,0,0,0,0,1,1,0,0,1,1,0,0,1,1,0,1,1,0,0,0,0,0,0,0,0,0,1,0,0,0,0,1,0,0,0,0,0,1,0,0,0,0,0,0,1,0,0,0,neg
0,0,0,1,0,0,0,0,1,1,1,0,0,0,0,0,1,0,0,0,0,0,0,0,1,0,0,0,0,0,1,1,0,0,0,0,1,0,0,0,0,0,0,0,1,0,1,0,0,1,0,0,0,1,0,0,0,0,1,1,1,0,0,0,1,0,1,0,0,0,0,neg
0,1,1,0,0,1,0,1,0,1,1,0,0,0,0,0,0,0,1,0,1,0,0,1,1,0,0,1,0,0,0,1,1,0,1,1,1,0,0,1,0,0,0,0,0,1,1,1,1,1,1,0,0,0,1,1,0,0,0,1,1,0,0,1,1,0,0,0,0,0,0,neg
0,1,0,0,0,1,0,1,0,0,1,1,0,0,1,0,1,0,0,0,1,0,0,0,0,1,0,1,0,1,1,0,0,1,1,0,1,0,0,1,1,0,0,0,0,0,0,0,0,1,0,1,0,0,1,0,0,0,0,1,1,0,1,0,1,0,0,0,0,0,0,neg
0,1,1,0,0,0,0,1,1,0,1,1,1,0,0,0,1,1,0,0,0,1,0,0,1,0,0,1,1,1,1,1,1,0,0,1,1,0,1,0,0,1,0,0,1,1,0,1,1,1,0,1,1,0,0,1,0,0,0,1,1,0,0,0,0,1,1,1,0,0,1,neg
1,0,0,0,1,0,0,0,1,1,1,1,0,0,0,0,0,0,0,0,1,1,0,0,1,0,0,1,0,1,1,0,0,0,0,0,1,0,1,0,0,0,0,0,0,1,0,0,0,1,0,0,0,0,1,0,0,0,0,1,0,0,0,0,0,0,0,0,1,1,0,neg
0,1,1,0,0,0,0,1,0,0,0,1,0,1,0,0,0,1,1,0,0,0,0,0,0,0,0,0,0,1,1,1,1,0,0,0,0,0,1,0,1,0,1,0,0,0,0,0,1,0,0,0,0,0,0,1,0,1,0,0,0,0,0,0,0,0,0,0,0,0,0,neg
