DME_CATTTCAA,DME_TTAAAAATTYYTAAAA,DME_AAAGTGAA,DME_TCGAATGAGTTAAA,DME_CATTGYRA,DME_TAAGCTAA,DME_AGTAAGAA,DME_ATCATTKAAK,DME_ATCATTGA,DME_AATRMAATKMYA,DME_MATMTATKAAAT,DME_TAAAAATTHGAA,DME_GATCAAAA,gimme_49_Homer_14_3,DME_AAATBACMTTKT,gimme_26_BioProspector_w10_5,DME_AARRKGAAWG,DME_ATATCAAATT,DECOD_Motif4_10,DME_GAAATGAT,DME_AAGTAATGAATTAATT,DME_YGAMTTGMMWAA,DME_GRACAARA,DME_AGCGCAATTCAATTCT,DME_ATGACATT,DECOD_Motif10_10,gimme_172_Weeder_9,DME_CCAATMRT,gimme_43_Homer_14_2,DME_GAGAAATAACGACAAA,DME_CTTKTSAAAA,DME_TATCGAAA,DECOD_Motif8_10,DME_MCAAAYGT,DME_KAAAAAAAAG,DME_ATGATAATAA,DME_ATGTAAAATT,DME_TKAMARCAAAWT,DME_ATACACATAMAWAY,gimme_20_BioProspector_w8_4,DME_GAAAAACM,gimme_42_Homer_14_1,DME_TCAAATTC,DME_AATBARTTAAAA,DME_AATTKCHAST,DME_AATGATAAAT,DME_CAATSATAWT,DME_WTCAWCAATT,DME_AATTAATTCA,DME_TGCTAATA,DME_TCCTAAATAAAGTAAT,DME_GATGAAAT,DME_AAHTGATAATAT,DECOD_Motif7_8,DME_CAAAKAATAA,DME_TWAGCWAAAT,DME_TAAACAATTA,DME_TTTCAATAAA,DME_ARGAHWGG,DME_ATTMAAAKAC,gimme_84_MDmodule_Motif.14.1,DME_CAARATKG,DME_GYGAAASA,DME_TATGAATKRA,DME_TGATAAAATGATAAGA,DME_MMAATRMTAATK,DME_ATCAATTAAT,DME_HACTACTR,DME_AATTAATTAYTA,DME_TGATAAWAWG,DME_AAGCGCAATTCAATTC,DME_AGCAAATT,DME_AGTBAGAA,DME_GMWATRATRAWT,DME_AYAAARGAATTH,DME_AAGCTAAA,DME_KAATTAATTAAWTA,DME_ACAAATGT,Class
1,1,0,0,0,0,0,1,0,1,1,1,0,0,1,1,1,1,1,1,1,1,0,0,1,1,1,1,1,0,1,0,1,0,1,0,1,1,0,0,0,1,1,1,1,1,1,1,1,0,1,1,1,1,1,1,1,1,0,1,0,1,0,0,1,1,1,1,1,1,0,1,0,1,1,0,1,1,pos
1,1,0,0,1,0,1,0,0,1,1,1,0,0,1,0,1,0,0,1,1,0,0,0,0,1,1,0,0,1,0,0,1,1,1,0,1,1,1,1,1,1,0,1,0,1,0,1,1,0,1,0,1,1,0,0,1,1,0,1,1,0,1,1,1,0,1,0,1,1,0,0,1,1,1,0,1,1,pos
0,1,1,1,0,0,1,1,0,1,1,1,0,0,1,1,1,1,1,1,1,0,0,0,0,1,1,0,1,0,0,0,1,0,1,1,1,1,0,1,0,1,0,1,0,1,0,0,1,1,0,0,1,0,1,1,0,1,1,1,1,0,1,1,1,1,1,1,0,1,0,1,1,1,1,1,1,0,pos
0,1,0,1,0,0,0,1,0,1,0,1,0,0,1,1,1,0,1,0,1,1,0,0,0,1,1,1,1,0,1,1,1,1,1,1,1,1,0,0,0,1,1,1,1,1,1,0,1,1,0,0,1,0,1,1,1,1,0,0,0,0,0,1,0,1,1,0,1,0,0,1,0,1,1,0,1,1,pos
1,1,1,1,0,0,1,1,0,1,1,1,1,0,1,1,1,1,1,1,1,1,0,1,1,1,1,0,0,0,1,0,1,0,1,1,1,1,0,1,1,1,0,1,1,1,1,1,0,1,1,1,1,0,1,1,0,0,0,1,1,0,1,0,1,1,0,0,1,1,1,1,0,1,1,1,1,0,pos
1,1,0,0,1,0,0,1,1,1,1,1,0,1,1,1,1,0,1,1,0,1,0,1,0,1,1,0,1,0,1,0,0,0,1,1,1,1,1,0,0,1,0,1,1,1,1,0,1,1,0,0,1,1,1,1,1,1,1,1,1,0,0,1,1,1,1,1,1,0,1,0,1,1,1,0,1,0,pos
1,1,0,0,0,1,1,0,1,1,1,1,0,0,1,0,0,0,0,0,0,1,1,0,0,1,1,0,1,0,1,0,1,0,1,1,1,1,0,0,0,1,1,1,1,1,0,0,0,1,1,0,1,0,1,0,0,0,0,1,0,0,1,1,1,1,0,1,0,1,0,0,0,0,1,0,0,0,pos
1,1,0,1,1,1,0,1,0,1,1,1,0,0,1,1,1,1,0,1,1,1,0,0,0,1,1,0,1,0,1,1,1,0,1,1,0,1,0,1,0,1,0,1,1,1,1,0,1,0,0,0,1,1,1,1,1,1,0,1,0,0,0,0,1,1,1,0,1,1,0,0,1,1,1,1,1,0,pos
1,1,0,1,0,0,0,1,1,0,0,1,1,1,1,1,1,1,1,1,0,1,0,0,1,1,1,1,1,0,1,1,1,0,1,1,1,0,1,1,0,1,1,1,0,1,1,1,1,1,1,0,1,1,1,1,0,1,0,1,0,0,0,1,1,1,1,0,0,1,0,1,0,1,1,1,0,0,pos
1,1,1,1,0,0,0,0,1,1,1,1,1,0,1,1,1,1,1,0,1,0,1,0,0,1,1,0,1,0,0,0,1,1,1,1,0,1,0,1,0,0,1,1,0,1,0,1,1,0,1,0,1,1,1,0,0,1,1,1,1,0,0,1,1,1,1,0,1,1,0,0,1,0,1,0,1,1,pos
0,1,0,0,0,0,0,1,1,1,0,1,0,1,0,1,0,1,1,0,1,0,0,0,1,1,1,0,1,1,0,0,0,0,1,1,1,1,1,1,0,0,1,1,0,1,1,1,0,0,0,1,1,0,1,0,0,1,0,1,0,0,1,0,1,1,1,1,1,1,1,1,1,1,1,0,1,0,pos
1,1,1,0,0,1,0,0,0,1,0,1,1,0,1,1,0,1,1,1,1,1,1,1,0,1,0,0,1,0,1,0,0,1,1,1,1,1,0,0,0,1,1,1,1,1,1,1,1,1,0,0,1,1,1,1,0,1,0,1,1,1,0,1,1,1,0,1,1,1,0,1,1,1,0,0,1,1,pos
1,1,0,0,0,0,1,1,0,1,1,1,0,1,1,1,1,1,1,1,1,0,0,1,0,1,1,1,1,0,1,0,1,0,1,1,1,1,1,1,0,1,1,1,1,1,0,1,1,1,1,0,1,1,1,1,0,1,0,1,1,0,1,1,0,1,1,0,0,1,1,1,0,1,1,1,1,0,pos
0,1,0,1,0,0,0,1,0,1,0,0,0,0,1,0,1,1,1,0,0,0,0,0,1,1,1,1,0,1,0,0,1,0,1,0,0,0,0,1,0,0,0,1,0,0,1,1,0,0,0,0,1,0,0,0,0,1,1,0,0,1,0,0,1,0,1,0,0,1,0,0,1,0,1,0,0,0,pos
0,1,0,0,0,1,1,1,0,1,1,1,0,1,0,1,1,0,1,0,1,1,1,0,1,1,1,0,1,0,1,0,0,0,1,0,1,1,0,0,1,1,1,1,0,1,0,0,1,0,1,1,1,0,1,1,0,1,1,1,1,0,1,0,1,1,1,1,1,1,0,1,1,1,1,1,1,0,pos
1,1,0,1,1,0,0,1,0,1,1,1,0,0,1,0,1,0,0,1,1,0,0,1,0,1,1,0,1,1,0,1,1,0,1,1,1,1,0,1,1,1,1,1,1,1,0,1,1,1,0,1,1,1,1,1,0,0,0,0,0,0,0,0,1,1,0,0,1,1,1,1,0,1,1,1,1,0,pos
0,1,1,1,0,1,0,1,0,1,1,1,0,0,1,0,1,0,1,0,1,1,0,0,0,1,1,0,1,1,1,0,0,1,1,0,1,1,1,0,0,1,1,1,1,1,1,1,1,1,0,0,1,1,1,0,0,1,0,0,0,0,0,1,1,0,1,0,1,1,0,0,1,1,1,0,1,1,pos
0,1,1,1,0,0,0,0,0,1,1,0,1,1,1,0,1,1,1,1,1,1,1,1,0,0,1,1,1,0,1,1,1,0,1,0,1,1,1,1,0,0,0,1,1,0,0,1,1,1,0,0,0,1,1,1,0,1,1,1,0,0,1,1,0,1,1,1,0,0,1,1,0,1,1,0,1,1,pos
1,1,0,0,0,0,0,1,1,1,1,1,1,1,0,1,1,1,0,0,1,1,1,0,0,1,1,1,0,1,1,0,1,0,1,1,1,1,0,1,1,1,0,1,1,1,0,1,1,1,1,1,1,0,1,1,1,0,1,1,0,0,0,1,1,1,1,1,1,1,0,0,1,1,1,1,1,0,pos
0,1,1,1,0,1,1,1,0,1,1,1,1,1,1,0,1,1,1,1,1,1,1,0,0,1,1,1,1,0,1,0,1,0,1,1,1,1,1,1,0,1,1,1,1,0,0,1,1,0,1,0,1,0,1,1,0,1,1,1,1,0,1,1,1,1,1,1,1,1,1,0,0,0,1,1,1,1,pos
1,1,1,1,0,0,0,1,0,1,1,1,0,1,1,0,1,1,1,1,1,1,1,0,0,1,1,0,1,1,1,1,0,1,1,1,1,1,0,1,1,1,1,1,0,1,1,1,1,0,0,0,1,1,1,1,1,1,1,1,0,1,1,1,1,1,1,1,1,0,0,1,0,1,1,1,1,1,pos
0,1,0,0,1,0,0,1,0,1,0,1,0,1,1,1,1,0,1,1,1,1,0,0,1,1,1,1,1,0,0,1,1,0,1,1,1,1,1,1,1,0,0,1,1,1,1,1,1,0,0,0,1,0,1,1,0,1,1,1,0,1,1,1,1,1,1,0,0,1,0,0,0,1,1,0,1,1,pos
0,1,0,0,1,0,0,1,0,1,1,1,1,0,1,1,1,1,0,1,1,1,1,0,1,1,0,0,0,1,1,0,0,0,1,1,1,1,1,1,0,1,0,1,0,1,1,1,0,0,0,1,1,1,1,0,0,1,1,0,1,0,0,1,1,0,1,0,1,1,0,1,0,1,1,0,1,0,pos
0,1,1,0,0,0,1,0,0,1,1,1,1,1,1,1,1,1,0,1,1,1,1,0,1,1,1,0,1,0,1,0,1,0,1,1,1,1,1,0,1,1,1,1,0,1,0,0,1,1,0,1,1,0,1,1,0,1,1,1,1,0,1,1,0,1,1,0,1,0,0,0,0,1,1,1,1,0,pos
0,1,1,0,0,1,1,0,0,1,1,1,0,1,1,1,1,1,1,1,1,0,1,0,0,0,1,0,0,1,1,1,0,0,1,1,1,0,0,0,0,1,0,1,1,1,1,1,0,0,1,0,1,1,1,1,1,0,0,0,1,1,1,1,1,1,1,0,1,0,0,1,1,1,0,0,1,0,pos
1,1,1,0,0,1,1,1,1,1,1,1,1,1,1,1,1,1,1,1,1,1,1,1,0,1,1,0,1,1,1,1,0,0,1,0,1,1,1,1,0,1,1,1,1,1,0,0,0,0,0,0,1,1,1,1,1,1,0,1,1,1,0,0,1,0,1,0,1,1,1,1,1,1,1,0,1,0,pos
1,1,1,0,0,0,0,1,1,1,1,0,0,0,1,1,1,1,1,1,0,0,0,0,0,1,1,0,1,0,1,1,1,0,1,1,1,0,0,0,1,1,0,1,0,1,1,0,0,0,1,1,1,0,1,0,1,0,0,0,0,0,1,1,1,1,0,0,1,1,0,1,0,1,0,1,1,0,pos
1,1,0,0,0,0,0,1,0,0,0,1,1,1,1,0,0,0,0,1,1,0,0,0,0,1,0,0,1,0,1,0,0,0,1,1,1,1,0,0,1,1,0,1,1,1,0,1,1,1,1,0,0,1,1,1,1,0,0,1,0,1,1,0,0,1,1,0,1,0,1,1,0,1,0,0,1,0,pos
0,1,0,1,0,0,0,0,0,1,1,1,1,0,1,1,0,0,1,1,1,1,1,0,0,1,1,0,0,0,1,0,1,1,1,1,1,1,0,0,0,0,0,1,1,1,0,1,1,0,0,0,0,0,1,0,0,1,0,0,0,0,0,1,0,0,1,0,1,0,0,0,0,1,1,0,1,1,pos
0,1,0,0,1,0,0,1,0,1,0,1,0,0,1,0,1,0,0,1,1,0,0,0,0,1,0,0,0,1,1,0,0,0,1,1,1,1,0,0,1,1,0,1,0,1,0,1,0,1,0,0,1,1,0,0,0,1,0,0,0,1,1,1,0,0,1,0,0,1,0,0,0,1,1,0,0,0,pos
1,1,0,0,0,0,0,1,1,1,1,1,0,0,1,1,1,0,1,1,1,1,0,1,1,1,1,0,0,0,1,1,1,1,1,1,1,0,0,1,0,1,0,1,1,1,1,1,0,0,0,0,1,1,1,1,1,1,0,0,1,0,0,1,1,1,1,0,1,1,0,0,1,0,1,0,1,1,pos
1,1,1,1,1,1,0,1,0,1,1,1,0,0,1,1,1,1,1,1,1,1,0,0,1,0,1,0,1,1,1,1,1,0,1,0,1,1,0,0,0,1,0,1,0,1,1,1,0,0,0,0,1,1,0,1,1,1,0,0,0,1,0,0,1,0,1,1,1,1,0,0,1,1,1,0,1,1,pos
1,1,0,1,0,0,0,0,0,0,1,1,1,1,1,0,1,0,1,0,1,0,1,0,1,1,1,0,1,1,1,0,1,0,1,1,1,1,0,0,0,1,0,1,1,1,0,0,1,1,0,0,0,1,1,0,0,1,0,0,0,1,0,0,0,0,1,1,1,0,0,0,0,0,0,0,1,1,pos
0,1,0,1,1,0,1,0,1,0,1,0,0,1,0,1,0,0,1,0,1,0,0,0,0,1,1,1,1,0,1,0,1,0,0,1,0,1,1,1,0,1,0,1,0,1,1,0,0,0,0,0,0,0,1,1,0,1,0,0,0,0,1,0,1,0,1,0,0,0,0,0,1,1,1,0,0,1,pos
1,1,0,0,0,1,1,1,0,1,1,1,1,0,1,1,1,0,1,1,1,1,1,0,0,1,1,0,1,1,1,0,1,0,1,1,1,1,0,1,0,1,0,1,0,1,1,1,1,0,1,0,1,1,1,1,1,1,0,1,1,1,0,1,1,1,1,0,1,1,0,1,1,1,1,1,1,0,pos
1,1,1,1,1,1,1,1,1,1,1,1,0,0,1,0,0,1,1,0,1,0,0,0,0,1,1,1,1,0,0,0,1,1,1,0,1,1,0,1,0,0,1,1,1,1,0,0,1,0,0,1,0,1,1,1,0,1,1,1,1,0,1,1,1,1,1,1,1,0,0,1,1,1,0,1,1,1,pos
0,1,1,1,0,0,0,0,0,1,1,0,0,1,0,1,0,0,1,0,1,0,0,0,0,1,0,0,0,0,0,0,1,1,1,0,0,1,1,0,0,1,0,1,1,0,0,0,1,0,0,0,0,1,0,1,0,1,0,1,1,1,1,1,0,1,1,0,1,0,0,1,0,1,0,1,0,1,pos
0,1,1,0,0,1,1,1,0,1,0,1,0,0,1,1,1,1,1,1,1,1,1,1,0,0,1,0,0,1,0,0,1,0,1,0,1,1,0,1,0,1,1,1,1,1,1,1,1,1,1,0,1,0,1,1,0,0,0,1,0,0,1,1,1,1,1,1,0,1,1,0,1,1,1,1,1,0,pos
0,1,0,1,1,0,1,0,0,1,0,1,0,1,1,1,1,0,1,0,1,1,0,1,1,1,0,1,1,0,1,0,1,0,1,1,0,1,0,0,0,1,0,1,0,0,0,0,0,1,0,0,1,0,0,1,1,1,0,0,0,0,1,0,1,0,0,1,1,1,1,0,1,0,1,0,0,0,pos
0,1,1,0,0,1,0,1,0,1,1,0,1,0,1,1,1,1,1,0,1,0,1,0,0,1,1,0,0,1,1,1,0,1,1,1,1,1,0,1,0,1,0,1,0,0,1,1,1,0,0,0,1,0,1,0,1,1,0,1,0,0,0,0,1,1,1,0,1,1,0,0,1,1,0,0,1,1,pos
1,1,0,0,1,1,0,0,1,0,1,1,0,1,1,1,1,1,0,1,1,1,0,1,0,0,1,0,0,0,1,1,1,1,1,1,1,0,0,1,0,1,0,1,1,1,1,1,1,1,1,1,1,1,1,1,1,1,0,1,1,1,0,1,1,1,1,1,1,1,0,1,0,0,1,1,1,1,pos
0,1,0,0,1,1,0,1,0,1,0,1,0,0,1,1,1,1,1,0,1,0,0,1,0,1,1,0,1,0,0,1,1,1,1,1,0,1,0,0,0,0,0,1,1,1,1,0,1,0,0,0,1,0,1,1,1,1,0,1,0,0,1,0,0,1,1,0,1,0,1,1,0,1,0,1,1,1,pos
0,1,0,0,1,0,0,1,0,1,1,1,0,0,1,1,0,0,1,0,0,0,0,0,0,1,0,1,0,0,1,0,1,0,1,1,1,1,0,1,1,1,0,1,1,1,1,1,0,0,1,0,1,0,1,0,0,1,1,1,0,0,0,0,1,1,1,0,1,1,0,1,1,1,0,1,1,0,pos
1,1,1,0,1,0,0,1,0,1,1,1,0,0,1,0,1,1,1,0,1,1,0,1,1,1,1,0,1,1,1,0,1,1,1,0,1,1,1,0,1,1,0,1,1,1,1,0,1,0,0,1,1,1,1,1,0,1,1,1,1,0,1,0,1,1,1,0,1,1,1,1,1,0,1,0,1,1,pos
1,1,0,0,1,1,0,1,0,1,1,1,0,0,1,1,0,1,1,1,1,1,1,1,0,1,1,1,1,1,0,1,1,0,1,0,0,0,0,1,1,1,1,1,1,1,1,1,1,0,0,0,1,0,1,1,0,1,1,1,0,0,1,1,1,0,1,0,1,1,1,0,1,1,1,1,1,1,pos
0,1,1,0,0,0,1,1,1,1,1,1,0,0,1,1,1,1,0,1,1,1,0,1,0,1,1,0,1,1,1,0,0,1,1,1,1,0,0,1,1,1,0,1,1,1,0,1,0,0,0,0,1,0,1,0,0,1,0,1,0,0,0,1,1,1,0,0,1,1,1,0,1,1,1,0,1,1,pos
1,1,0,0,0,1,1,0,0,0,1,1,1,1,1,0,1,1,1,0,1,0,0,0,0,1,0,0,1,1,1,0,1,1,1,1,1,1,0,0,1,1,0,1,1,1,1,0,0,0,0,0,1,0,0,1,0,1,1,0,1,0,0,0,1,1,0,1,1,1,0,0,1,0,1,0,1,1,pos
1,1,0,1,1,1,1,1,1,0,1,1,1,1,1,1,1,1,1,0,1,1,1,0,1,1,1,0,1,0,1,0,1,0,1,0,0,1,0,1,0,1,1,1,1,1,0,1,1,1,0,0,1,1,1,1,1,1,0,1,1,0,0,0,0,1,1,1,1,0,0,1,1,1,1,1,1,0,pos
0,1,1,0,1,0,1,1,1,1,1,1,0,0,1,0,1,1,0,0,1,0,0,1,0,1,1,0,0,0,0,0,1,0,1,0,1,1,0,1,1,1,1,1,0,1,1,0,0,0,1,1,0,1,1,1,1,1,0,0,0,1,1,1,1,1,0,1,0,1,1,1,1,1,1,0,1,0,pos
1,1,1,0,0,0,0,0,0,0,1,1,0,1,0,0,1,0,1,0,1,1,0,0,0,1,1,0,0,0,0,0,1,0,0,1,0,1,1,0,0,0,0,1,0,1,0,1,1,0,0,0,0,1,1,1,0,1,0,0,1,0,0,1,0,0,0,0,0,0,0,1,0,1,0,0,0,0,pos
0,1,0,1,0,1,1,1,0,1,1,1,1,1,1,1,1,1,1,1,1,0,1,0,0,1,1,1,1,0,1,0,0,1,1,1,0,1,0,0,0,1,0,1,0,1,0,0,1,0,1,0,1,1,1,1,1,1,1,1,1,0,1,1,1,0,0,0,0,1,0,1,1,0,0,0,1,1,pos
1,1,0,0,1,1,0,0,1,1,1,1,0,1,1,1,1,1,1,1,1,0,0,1,0,1,1,0,1,1,1,1,1,0,1,1,0,1,0,1,0,1,0,1,0,1,1,1,1,0,1,0,1,1,1,1,0,1,0,1,0,1,0,1,1,1,0,0,1,1,1,1,0,1,1,1,1,1,pos
1,1,1,1,0,1,0,1,1,1,1,1,1,1,1,1,1,1,1,1,1,1,1,0,0,1,1,0,1,1,0,0,0,0,1,1,0,0,1,1,0,1,0,1,0,1,0,1,1,1,1,0,1,0,1,1,1,1,0,1,1,0,1,1,1,1,1,0,1,1,0,1,0,1,1,1,1,0,pos
0,1,0,0,1,0,1,1,1,0,0,0,0,0,1,0,0,0,0,1,1,1,0,0,0,0,0,0,0,1,0,0,0,0,1,0,0,1,0,1,1,1,1,1,0,0,0,1,1,0,0,1,1,0,1,0,0,0,1,1,0,0,0,1,0,0,1,0,1,0,0,0,0,1,0,1,1,0,pos
0,1,0,1,1,1,0,0,0,1,1,0,0,1,0,1,1,1,1,0,1,0,1,0,0,1,1,0,0,0,1,0,1,1,1,0,0,1,1,0,0,0,1,1,1,1,0,1,0,1,0,0,0,0,1,0,1,1,0,0,1,0,1,1,0,0,1,0,0,0,0,0,0,1,0,0,1,0,pos
1,1,0,0,0,1,1,0,0,1,0,1,0,1,1,1,1,0,1,1,1,0,0,0,1,1,0,1,1,1,1,0,1,0,1,1,1,1,0,1,1,0,1,1,1,1,1,1,1,1,0,1,1,0,1,1,0,1,0,1,0,1,0,0,1,1,0,0,0,1,0,1,1,1,0,1,0,0,pos
1,1,1,0,0,0,0,0,0,1,1,1,0,0,1,1,1,1,1,1,1,0,0,1,0,1,1,1,1,1,1,1,0,1,1,1,1,1,0,1,1,1,0,1,1,1,1,1,0,0,1,1,1,0,1,1,1,1,0,1,0,0,0,1,1,1,1,0,0,1,1,1,0,1,1,1,1,1,pos
1,1,1,1,0,1,0,0,0,1,1,1,1,1,1,1,1,0,1,1,1,1,1,0,1,0,1,1,1,0,1,0,1,0,1,1,0,0,1,0,1,1,0,1,0,0,1,0,1,0,0,0,1,1,1,1,1,1,0,0,0,1,0,0,0,1,1,0,1,1,0,0,0,1,0,1,1,0,pos
0,1,1,0,0,1,0,1,0,1,1,1,0,1,1,0,1,1,1,1,1,1,0,0,0,1,1,1,1,0,1,1,1,0,1,1,0,1,1,0,1,1,1,1,0,1,1,0,1,0,1,1,1,1,1,1,0,1,0,1,1,0,0,0,1,1,0,0,1,1,0,0,0,1,1,1,1,0,pos
1,1,0,0,1,0,0,1,1,0,0,1,0,0,1,0,1,1,1,1,1,1,1,0,0,1,1,1,1,0,0,0,1,1,1,1,1,1,0,1,0,1,1,1,1,1,1,1,1,0,1,0,1,1,1,1,1,1,1,1,0,0,1,1,1,1,1,0,1,0,0,1,0,0,0,1,1,0,pos
0,1,1,0,0,0,1,1,0,0,1,1,1,0,1,1,1,1,1,0,1,1,1,0,1,1,1,0,1,1,0,0,1,0,1,0,1,1,1,0,0,1,0,1,1,1,1,1,1,0,1,1,1,1,1,0,1,1,0,1,1,0,1,1,1,1,1,0,1,1,0,0,0,0,1,0,1,0,pos
1,1,0,1,0,1,0,1,0,1,1,1,1,0,1,1,1,1,1,1,1,1,1,0,0,1,1,0,1,0,1,1,1,1,1,1,1,1,0,1,1,1,0,1,1,1,0,1,1,0,1,0,1,1,1,1,0,1,0,1,1,1,0,1,0,1,1,0,1,0,1,1,1,1,1,1,1,1,pos
0,1,0,0,0,0,1,1,1,0,1,1,0,1,1,0,0,1,1,0,1,1,0,1,1,0,0,0,1,0,0,1,1,0,1,1,1,1,1,0,0,1,1,1,0,1,0,1,0,0,0,0,0,1,0,1,1,0,0,0,1,0,1,1,0,0,1,0,0,1,1,0,1,0,1,0,1,0,pos
1,1,0,0,1,1,0,0,0,1,1,1,0,0,1,0,1,1,1,0,0,1,0,0,1,0,1,0,1,1,1,1,0,0,1,1,0,1,0,1,0,0,0,1,0,0,0,0,0,1,0,0,0,1,1,1,1,1,1,0,0,1,0,0,0,0,0,0,1,0,0,1,0,0,0,1,1,1,pos
1,1,0,0,0,0,1,1,1,1,1,1,0,0,1,1,1,1,1,0,1,1,1,0,0,1,0,0,0,0,1,1,0,0,1,1,0,1,0,1,0,1,0,1,0,1,1,0,1,0,1,1,1,1,1,0,1,1,0,0,0,0,0,1,1,1,1,0,1,1,0,0,0,1,0,0,1,0,pos
1,1,0,0,1,0,0,1,1,1,1,1,0,0,0,1,0,0,1,1,1,0,0,0,1,1,1,0,0,1,1,1,1,0,1,1,0,1,0,1,1,0,1,1,1,0,0,0,0,0,1,1,1,1,1,1,1,0,0,0,0,0,1,1,1,0,0,0,0,0,0,1,0,1,1,0,0,1,pos
0,1,0,0,0,0,1,1,0,0,1,1,0,1,0,1,1,1,1,0,1,1,0,1,1,1,1,0,1,0,0,0,1,0,1,1,1,1,1,1,0,1,1,0,1,1,1,1,1,1,0,1,1,0,1,0,0,0,0,1,1,0,0,1,1,1,0,0,1,0,0,0,0,1,1,0,1,1,pos
1,1,0,1,1,0,1,1,1,0,0,0,0,1,0,1,1,0,1,1,1,1,1,0,0,0,0,1,1,1,0,0,1,0,0,1,1,0,1,0,1,1,0,1,1,0,0,0,1,0,0,1,0,1,1,1,1,0,1,0,1,1,1,1,0,1,1,0,1,0,0,1,1,0,0,0,0,0,pos
0,1,1,0,0,1,1,1,1,1,1,1,0,0,1,1,0,1,1,0,1,0,0,0,1,1,1,0,1,1,1,0,1,0,1,1,1,1,0,1,0,1,1,1,0,1,0,1,1,1,0,0,1,1,1,1,0,1,1,1,0,0,0,1,1,1,1,0,1,1,1,1,1,1,1,1,1,0,pos
1,1,0,1,0,0,0,1,1,1,1,1,1,0,1,1,1,1,1,0,1,1,0,0,1,1,1,1,1,0,1,0,1,1,1,1,0,1,0,1,0,1,1,1,1,1,1,1,1,0,0,0,1,1,1,1,0,1,0,0,0,0,0,1,1,1,1,0,1,1,0,0,0,1,0,0,1,1,pos
0,1,1,0,0,1,1,1,1,0,1,1,1,1,1,1,1,1,1,0,0,1,1,0,1,1,1,1,0,1,1,0,0,1,1,0,1,1,1,0,1,0,0,1,1,0,1,1,1,1,1,0,1,0,1,1,0,1,0,0,0,1,0,1,0,1,1,0,1,1,0,1,0,1,0,1,1,0,pos
0,1,1,0,0,0,0,1,1,1,1,0,1,1,1,1,1,0,1,0,1,1,0,0,0,1,1,1,1,1,0,0,1,1,1,1,0,1,0,0,0,1,1,1,0,1,1,1,1,0,0,0,1,1,1,1,1,1,1,1,0,0,0,1,1,1,1,1,1,1,0,1,0,1,1,0,1,1,pos
1,1,1,0,1,0,0,1,0,1,1,1,0,0,1,1,1,0,1,0,1,1,1,1,0,1,1,0,1,0,1,0,1,0,1,0,1,1,1,1,0,1,1,1,1,1,0,1,1,1,0,1,1,1,1,1,1,1,0,1,1,0,0,1,1,1,1,0,1,1,1,1,0,1,1,0,1,0,pos
1,1,0,0,0,0,0,0,0,0,1,1,0,0,0,1,1,1,1,1,1,1,0,1,0,1,1,0,1,1,1,1,1,1,1,1,1,1,0,1,1,0,1,1,1,0,0,1,0,0,1,0,1,1,1,1,0,1,0,1,0,1,0,0,0,1,0,0,1,0,1,0,0,0,1,0,1,0,pos
1,1,1,0,1,0,0,1,0,0,1,1,0,0,1,1,1,1,0,0,0,0,0,1,1,1,1,0,0,0,0,0,1,0,1,1,1,1,0,1,0,1,1,1,1,0,1,1,0,0,1,1,1,1,0,0,0,1,0,0,0,1,0,0,1,1,1,1,1,0,1,0,1,0,1,1,0,0,pos
1,1,0,0,0,1,0,0,0,1,1,1,1,0,1,0,1,1,1,0,1,0,1,1,0,1,1,1,0,1,1,0,1,0,1,1,1,1,0,1,1,1,0,1,0,1,1,1,1,0,1,1,1,1,1,1,1,1,1,1,1,1,0,1,0,1,1,0,1,1,1,0,0,1,0,1,1,1,pos
1,0,1,0,1,0,1,1,1,1,1,1,0,1,0,1,1,0,1,0,1,1,0,1,0,0,1,0,1,0,0,1,1,1,1,1,0,1,0,1,1,1,0,1,1,1,0,0,0,1,0,0,0,1,0,0,0,0,1,0,0,0,1,1,0,1,0,1,0,1,1,0,1,1,1,0,0,1,pos
0,1,1,0,0,1,0,1,0,1,1,1,0,1,1,1,1,1,1,1,1,0,0,0,1,1,1,0,1,0,1,0,0,1,1,0,1,1,0,1,1,1,1,1,1,1,1,1,0,0,0,1,1,0,0,1,0,1,0,0,0,1,0,0,1,1,0,0,0,1,0,1,0,0,1,1,1,1,pos
1,1,1,0,0,0,1,1,0,1,1,1,0,0,1,1,0,1,1,1,1,0,0,0,1,0,1,0,1,1,1,0,0,0,1,1,1,0,0,1,0,1,0,1,1,1,1,1,0,1,1,0,1,1,1,1,1,1,0,0,1,1,0,0,1,0,0,0,1,1,0,0,1,1,1,0,1,0,pos
1,1,0,0,1,1,0,1,0,1,1,1,0,0,1,1,1,1,1,1,1,1,1,1,0,1,1,1,1,1,0,1,1,0,1,0,0,0,0,1,1,1,1,1,1,1,1,1,1,0,0,0,1,0,1,1,0,1,1,1,0,0,1,1,1,0,1,0,0,1,1,0,1,1,1,1,1,1,pos
0,1,0,0,1,0,1,1,0,1,1,1,0,1,1,1,1,1,1,1,1,0,0,0,1,1,1,0,0,0,1,0,1,0,1,1,1,1,1,1,0,1,1,1,0,1,1,1,1,0,0,0,1,0,1,0,1,1,0,0,0,1,0,0,1,1,1,1,0,0,0,0,1,0,1,0,0,1,pos
1,1,0,1,0,0,1,1,0,1,1,1,1,0,1,1,1,1,1,1,1,1,0,1,0,1,0,0,0,0,1,1,1,0,1,1,0,0,0,1,0,1,0,1,1,1,1,0,1,1,0,1,1,1,1,1,1,1,0,0,1,1,0,1,1,1,1,0,1,1,0,0,0,1,1,0,1,1,pos
0,1,1,0,1,1,0,1,0,1,1,1,0,1,0,1,1,1,1,1,1,1,0,1,0,1,1,0,1,0,1,0,1,1,1,0,0,1,1,0,1,0,0,1,1,1,1,1,1,0,0,0,1,1,1,1,1,1,0,1,1,0,0,1,1,1,1,1,1,1,0,1,0,1,0,1,1,1,pos
0,1,1,1,1,0,0,1,1,1,1,1,0,1,1,1,0,1,1,1,1,0,0,0,1,1,1,0,1,1,0,0,0,0,1,1,1,1,0,1,0,1,1,1,0,1,1,0,1,1,1,0,1,0,1,0,1,1,0,1,0,0,0,1,1,1,1,0,1,1,0,0,1,1,1,0,1,0,pos
0,1,1,0,0,1,1,1,1,1,1,1,0,0,1,1,1,1,1,1,0,1,0,0,0,1,1,0,1,0,1,0,1,0,1,1,0,1,0,1,1,1,1,1,0,0,1,1,0,0,0,1,1,0,1,1,1,1,1,1,0,0,0,1,0,1,1,0,1,1,0,1,1,1,1,1,1,0,pos
1,1,0,0,1,1,1,1,0,0,1,1,0,1,1,1,1,1,0,1,1,0,0,1,0,0,1,0,1,1,0,1,1,0,0,0,1,1,0,0,0,0,1,1,1,1,0,1,0,1,0,1,0,1,1,1,0,1,1,0,0,0,0,0,1,1,1,0,0,1,1,0,1,1,1,0,1,0,pos
1,1,1,0,0,0,1,1,1,1,1,1,1,0,0,1,1,1,1,1,1,1,1,0,0,1,1,1,1,1,1,0,1,0,1,1,1,1,0,1,1,1,1,1,1,1,1,1,1,1,1,0,1,1,1,0,0,0,0,1,0,0,1,1,1,1,1,1,1,0,0,0,1,1,0,0,1,0,pos
1,1,0,0,0,1,1,1,1,1,1,1,0,0,1,0,1,1,1,0,1,0,0,0,0,1,1,0,1,0,1,0,0,1,1,1,1,1,1,0,0,1,1,1,1,0,0,1,1,1,0,0,0,1,1,1,0,1,0,1,1,0,1,1,0,1,1,1,1,0,1,1,1,1,1,1,1,1,pos
1,1,0,0,0,0,1,0,0,1,0,0,0,0,0,1,0,0,0,1,0,0,0,0,0,1,0,0,0,1,1,0,0,0,1,1,0,1,0,1,1,0,0,1,0,0,1,1,0,0,0,0,0,1,0,0,0,1,1,0,0,0,1,0,1,0,1,0,0,1,0,1,0,0,1,0,0,0,neg
0,1,0,0,0,1,0,0,0,0,1,1,0,0,1,0,0,1,1,0,1,0,0,0,0,1,0,0,0,1,0,0,1,0,1,1,1,0,0,0,0,1,0,1,0,0,0,0,0,0,1,1,0,0,0,0,0,0,0,1,0,0,0,1,1,0,0,0,0,0,0,0,0,1,1,1,0,0,neg
0,1,0,0,0,0,0,1,0,1,1,1,0,0,1,1,1,0,1,1,1,0,0,0,0,0,1,1,0,0,1,0,1,0,1,1,0,1,0,0,0,1,1,0,1,0,1,1,0,0,1,0,1,0,1,0,0,1,0,0,0,1,1,1,1,0,0,0,1,1,0,1,0,0,0,0,0,0,neg
1,1,0,0,0,1,0,1,0,0,0,1,1,1,0,0,1,0,0,0,0,1,1,0,0,1,0,0,1,1,0,0,0,0,1,1,0,0,0,0,1,1,0,1,1,0,0,1,0,0,1,1,1,0,1,0,0,1,0,0,0,1,1,0,0,1,1,0,1,0,0,0,0,1,1,0,0,0,neg
1,1,0,0,0,0,1,1,0,1,1,1,0,0,1,1,1,1,1,1,1,1,0,1,0,1,1,0,1,1,0,1,0,0,1,0,1,1,1,1,0,1,0,1,0,1,0,1,1,0,1,1,0,1,1,1,1,1,1,0,0,0,0,1,1,1,1,0,1,0,1,1,0,1,1,0,1,1,neg
0,1,1,1,0,1,0,1,0,1,0,1,0,1,0,0,1,1,0,1,1,0,0,0,0,0,0,0,1,1,1,1,1,0,1,0,0,1,0,0,1,1,0,1,0,1,0,1,0,0,0,1,1,0,1,0,1,1,0,1,1,0,1,1,1,1,1,0,1,1,0,1,0,0,1,1,1,0,neg
1,0,0,0,0,0,1,0,0,1,0,1,0,1,0,1,0,0,1,1,1,1,0,0,1,1,0,0,1,1,1,1,0,0,1,0,0,1,1,0,1,0,0,1,0,1,0,0,0,0,0,1,1,1,1,0,1,1,1,0,0,0,0,1,1,1,1,0,1,1,0,0,0,1,0,0,1,0,neg
0,0,1,1,0,0,1,0,0,0,0,1,0,0,0,0,1,0,0,0,0,1,1,0,0,0,0,0,0,0,0,0,0,0,1,0,0,0,0,0,0,0,0,1,0,0,0,0,0,0,0,0,0,0,0,0,0,0,1,0,0,0,1,0,1,0,0,0,1,0,0,0,1,1,0,0,0,0,neg
0,1,0,1,0,0,1,0,0,1,1,1,1,0,1,0,0,1,0,1,1,0,1,0,0,1,0,0,0,1,0,0,1,0,1,0,1,1,0,0,0,1,0,1,0,0,1,0,1,0,0,0,1,0,1,1,0,0,0,0,1,0,0,1,1,0,0,0,1,1,0,0,1,1,1,0,1,0,neg
0,0,0,0,0,0,1,1,0,1,0,1,0,1,0,0,1,1,0,1,0,0,0,0,0,0,1,0,1,0,0,0,1,0,0,1,1,1,1,0,0,0,0,1,0,0,0,0,1,0,0,1,0,0,0,0,0,0,1,0,1,0,0,1,1,1,1,0,1,0,1,0,0,0,0,0,0,0,neg
0,1,0,0,0,1,1,0,1,0,0,0,0,0,0,1,0,0,0,1,1,0,0,1,1,1,0,0,0,0,1,0,1,0,1,0,1,0,0,0,0,0,0,1,0,1,1,0,1,0,1,1,0,1,1,1,0,1,1,0,0,1,0,1,1,1,1,0,1,1,0,0,1,1,1,0,1,0,neg
1,1,1,0,1,0,0,1,0,1,1,1,0,0,1,0,1,0,0,0,1,1,0,0,0,0,1,0,1,0,0,0,0,0,1,1,1,0,0,1,0,0,0,1,1,1,0,1,1,0,0,0,1,0,1,0,1,1,0,0,0,0,0,1,1,1,1,0,1,1,0,1,1,0,0,0,1,0,neg
1,1,1,0,0,0,1,1,0,1,0,1,0,1,1,1,1,1,1,1,1,0,0,0,1,0,1,0,1,0,1,0,1,0,1,1,0,1,1,0,0,1,0,1,0,1,1,0,1,1,0,1,1,0,1,0,1,0,1,0,0,0,0,0,1,0,1,0,1,1,0,1,1,0,1,1,0,0,neg
0,1,1,0,0,0,0,1,0,1,1,1,0,0,1,0,1,1,1,0,1,0,0,0,0,1,1,0,1,0,1,1,1,0,1,1,1,1,0,0,0,1,1,1,0,1,1,0,1,1,1,0,1,1,1,0,1,1,0,1,0,0,0,1,1,1,0,1,1,0,0,0,0,1,1,0,1,0,neg
0,0,1,0,0,0,0,1,0,1,1,1,0,1,1,1,0,0,1,0,1,1,0,0,0,0,1,0,1,0,0,1,1,0,1,0,1,0,0,0,0,0,0,1,0,0,1,1,1,0,0,0,0,1,1,1,0,0,0,1,0,1,0,0,0,1,0,0,0,0,0,1,0,0,1,0,1,0,neg
0,1,0,0,0,1,0,1,1,1,1,1,0,0,1,1,1,1,1,0,1,0,0,1,1,0,1,0,1,1,0,0,0,0,1,1,1,1,1,0,1,0,0,1,1,0,1,0,0,0,0,1,1,0,1,1,0,0,0,0,0,0,1,1,0,1,1,0,1,0,1,1,0,0,1,1,0,0,neg
1,0,0,1,0,1,0,1,0,1,1,0,0,1,1,1,1,0,0,1,1,1,0,0,0,0,1,0,1,0,0,0,0,0,1,1,1,0,1,1,0,0,0,1,1,0,1,1,1,1,0,1,1,1,0,1,1,0,0,1,1,0,0,1,0,1,0,0,0,1,0,0,0,0,1,1,1,0,neg
1,0,0,1,0,0,0,0,0,0,0,1,0,0,0,1,0,0,0,1,1,1,0,0,0,1,0,0,1,1,1,1,0,1,1,0,0,0,0,0,0,0,0,1,0,0,0,0,0,0,0,0,1,1,1,0,0,0,1,0,0,0,0,0,0,0,1,0,0,0,0,0,1,0,0,0,0,0,neg
0,1,0,0,0,0,0,0,0,0,0,0,0,0,0,1,1,1,0,1,1,1,0,0,0,1,1,0,1,0,0,0,0,0,1,0,1,1,0,1,0,1,1,1,0,0,0,0,1,0,1,1,1,0,1,0,0,1,0,1,0,1,0,1,1,1,0,1,0,1,0,1,0,1,0,0,1,0,neg
0,1,1,1,0,0,1,1,0,1,1,1,0,0,1,1,1,0,1,0,1,0,0,0,1,0,1,0,0,1,0,0,1,0,1,0,1,0,0,0,1,1,0,1,0,0,0,1,1,1,0,1,0,0,0,0,1,1,0,1,0,0,0,1,0,1,0,0,1,1,0,0,1,0,1,0,1,0,neg
1,1,0,0,1,1,0,1,0,1,1,1,0,1,1,1,0,1,1,1,1,0,0,0,0,1,1,1,1,0,1,0,0,0,1,0,1,1,1,1,1,1,1,1,1,1,1,1,1,1,0,1,1,1,1,1,1,1,0,1,0,0,0,1,1,1,1,0,1,0,0,0,0,1,1,0,1,0,neg
0,1,0,0,1,1,0,1,1,1,0,1,0,1,1,0,0,0,1,0,1,0,0,0,1,0,1,0,0,0,1,0,1,1,1,0,1,1,1,0,0,1,0,0,1,1,1,1,1,1,1,1,0,1,1,1,1,1,1,1,1,0,0,1,1,1,1,0,1,0,0,1,1,1,1,0,0,1,neg
1,1,0,0,1,0,0,1,1,1,1,1,0,1,1,1,0,0,0,1,1,1,0,1,0,0,1,0,0,0,0,0,1,0,1,1,1,0,1,1,0,1,0,1,0,1,1,0,1,0,1,1,1,0,0,1,1,1,0,0,1,0,0,1,1,1,0,0,1,1,1,0,0,1,1,0,1,1,neg
1,1,0,0,0,0,0,1,0,1,1,1,0,0,1,1,0,1,1,1,1,1,1,0,0,0,1,1,1,0,1,0,0,1,1,1,1,1,1,0,0,1,0,1,0,0,1,0,0,0,1,0,1,1,0,0,1,0,0,0,0,0,0,0,1,1,1,0,1,0,0,0,1,1,1,0,1,1,neg
1,1,1,1,0,1,0,0,1,1,1,1,0,0,1,0,0,1,0,0,1,1,0,0,0,1,1,0,1,1,0,0,0,0,1,1,0,1,1,1,0,1,0,1,1,1,1,1,0,1,0,1,1,1,1,0,0,1,0,1,0,0,0,1,1,1,0,0,1,1,0,1,0,0,1,1,1,0,neg
0,1,1,0,1,1,0,1,0,1,1,1,0,0,0,0,1,1,1,1,1,0,0,0,0,1,0,0,1,0,0,0,0,0,1,1,1,0,1,0,0,1,0,1,0,0,0,1,1,0,0,0,1,0,0,0,0,1,0,0,0,0,0,1,0,1,1,0,1,1,0,0,1,0,1,0,1,0,neg
0,0,1,0,1,1,0,1,1,1,1,1,0,1,0,0,0,0,0,0,0,0,0,0,1,0,0,0,1,1,0,0,0,0,1,0,1,0,1,0,0,1,0,0,1,0,0,0,1,0,1,1,1,1,0,0,0,1,0,1,1,0,0,1,0,0,0,0,0,0,0,0,1,1,0,0,0,0,neg
1,1,1,0,0,0,0,1,0,1,1,1,0,1,1,1,1,1,1,0,1,1,0,0,0,0,1,0,1,0,1,0,0,0,1,1,0,1,1,1,0,1,1,1,0,1,1,0,1,0,1,0,1,1,0,1,1,1,0,1,0,1,0,1,1,0,1,0,1,1,0,0,0,0,1,1,1,0,neg
0,1,0,1,1,1,1,1,1,1,1,1,0,1,1,0,1,0,1,0,1,1,0,0,1,1,1,0,0,1,1,0,0,0,1,1,0,1,0,1,0,1,0,1,1,1,0,1,1,0,1,1,1,1,1,0,0,1,0,1,1,0,0,0,1,1,1,0,1,0,0,1,1,1,1,0,1,1,neg
0,1,0,0,0,0,1,1,0,1,1,1,0,0,1,1,0,1,0,1,1,0,0,1,0,1,1,0,0,1,1,0,1,0,1,1,1,1,0,1,0,1,0,1,1,1,0,1,1,1,1,0,0,1,1,1,1,1,0,0,0,0,1,1,1,1,0,0,1,1,0,1,0,1,0,0,1,1,neg
0,1,0,0,0,0,0,1,0,1,1,1,0,0,1,1,1,1,1,1,1,0,0,1,0,1,1,1,1,0,0,0,0,1,1,0,0,1,1,1,0,0,0,1,0,0,1,1,1,0,1,0,1,1,0,0,0,1,0,0,0,0,0,1,0,0,1,0,1,0,1,0,0,1,0,0,0,0,neg
0,1,0,1,1,0,0,1,1,0,1,1,0,1,1,1,1,0,1,1,1,0,0,1,1,0,0,1,0,0,1,0,0,1,1,1,1,1,0,0,0,1,0,0,1,0,1,1,1,1,0,0,1,0,0,1,0,0,1,0,0,0,0,0,1,1,0,0,0,1,0,0,0,0,1,0,0,1,neg
0,1,1,0,0,0,0,1,0,0,1,1,0,1,1,1,1,0,1,0,0,0,0,0,0,1,0,0,0,0,1,1,1,1,1,1,1,0,1,0,0,1,0,1,1,0,0,0,0,0,1,1,1,0,1,0,0,1,0,0,1,0,0,0,1,0,0,1,0,0,0,0,0,1,1,0,0,1,neg
1,1,1,0,1,0,0,0,0,1,1,1,0,0,1,0,1,1,1,0,1,0,0,0,0,1,1,0,1,1,1,0,1,0,1,1,1,1,0,1,0,1,1,1,0,1,0,1,1,0,1,1,1,1,1,1,0,1,0,0,0,0,1,1,1,1,1,0,1,1,0,0,0,0,1,0,1,0,neg
1,1,1,0,0,0,1,0,0,1,1,1,1,1,1,1,1,0,0,0,1,0,1,0,0,0,1,0,1,0,1,0,1,0,1,1,1,0,0,1,0,1,0,1,0,1,0,0,1,0,1,0,1,0,1,1,1,0,0,0,1,0,0,1,0,1,1,1,1,1,0,0,1,1,1,0,1,0,neg
0,1,1,0,1,1,0,1,0,1,1,1,0,1,1,1,1,1,1,1,1,1,0,0,0,1,1,0,1,1,0,1,1,0,1,1,0,1,1,1,1,1,0,1,1,1,1,1,1,1,1,1,1,0,1,1,1,1,0,1,1,0,0,1,1,1,1,0,1,1,0,0,0,0,1,0,1,0,neg
0,1,0,1,0,0,0,1,1,1,1,1,0,1,1,1,1,0,0,0,1,0,0,0,1,0,1,0,1,1,0,0,1,0,0,1,1,0,1,0,0,1,0,1,1,1,1,1,1,1,0,1,1,1,1,0,0,1,0,1,1,0,0,1,1,1,1,0,0,0,0,0,1,0,0,0,1,0,neg
1,1,0,0,0,1,1,0,0,1,1,1,0,1,1,0,1,0,1,0,0,1,0,0,1,0,0,0,1,1,0,0,0,0,1,0,0,0,1,0,0,1,0,0,0,0,0,0,0,0,0,1,0,0,0,0,1,1,0,0,0,1,1,0,0,0,0,0,0,0,0,0,1,0,1,0,1,1,neg
1,1,1,0,0,0,0,1,0,1,1,1,0,1,1,0,1,0,1,1,0,1,1,0,0,1,1,0,1,1,0,0,0,0,1,1,1,1,1,0,1,1,0,1,0,1,0,1,0,0,1,0,1,1,1,0,0,1,0,0,1,0,0,0,1,1,1,0,0,0,0,0,0,0,1,0,1,0,neg
0,1,0,0,0,0,0,0,0,1,0,0,0,1,1,1,0,1,1,0,0,0,0,0,0,0,1,0,0,0,0,0,0,0,0,0,0,0,0,0,0,0,1,0,0,0,0,0,0,1,0,0,0,0,0,1,0,0,0,0,0,0,0,0,0,0,0,1,1,1,0,0,0,0,0,0,0,0,neg
1,1,0,0,0,0,0,0,1,0,1,1,1,1,1,0,0,0,0,1,0,1,1,0,1,1,1,1,1,1,0,0,0,0,0,0,0,1,1,0,0,1,0,1,0,0,0,1,0,0,0,0,1,1,1,0,0,1,1,0,0,1,0,1,1,1,0,0,0,1,0,0,0,0,0,1,0,0,neg
1,1,0,0,1,0,0,1,1,1,1,1,1,1,1,0,0,0,0,1,1,1,1,0,0,1,1,0,1,1,0,0,0,0,1,1,1,0,0,0,1,1,0,1,0,0,0,1,0,0,1,0,1,1,1,0,1,1,0,0,0,0,0,1,1,1,1,0,0,1,0,0,1,1,1,0,1,0,neg
0,1,1,0,0,0,0,1,1,1,1,1,0,1,1,1,1,1,1,0,1,0,0,0,0,1,1,0,1,1,0,1,1,1,1,1,1,1,1,1,0,1,1,1,0,0,1,0,1,1,1,0,1,1,1,1,1,1,1,0,1,1,1,1,0,1,1,0,0,1,0,0,0,0,1,0,1,1,neg
1,1,0,0,1,0,0,1,0,0,1,1,0,0,1,1,1,1,1,0,1,1,0,0,0,1,1,0,1,1,0,0,1,0,1,0,1,1,0,0,1,1,0,1,1,1,0,0,1,1,0,0,1,0,0,1,0,1,1,1,0,0,0,1,1,1,0,0,1,0,0,1,1,1,0,1,1,1,neg
1,1,1,1,1,0,0,1,0,1,1,1,1,0,0,1,1,1,1,1,1,1,0,0,0,1,1,0,1,1,0,0,1,0,1,1,1,1,0,1,1,1,0,1,1,1,0,0,1,0,1,1,1,1,1,0,1,1,0,1,1,1,1,1,1,1,1,0,1,1,0,0,1,1,1,0,1,0,neg
0,1,0,0,1,0,1,1,0,0,1,1,0,0,1,0,1,0,0,0,0,0,0,0,1,1,0,0,0,1,1,0,0,1,1,0,0,0,0,0,0,0,0,1,0,0,0,0,1,1,0,0,1,0,0,0,0,1,1,0,0,0,0,0,0,1,0,0,1,0,0,0,0,1,0,0,1,1,neg
1,1,0,1,1,0,0,1,0,1,1,1,1,0,0,1,1,1,1,1,1,0,0,1,0,1,0,0,1,0,0,0,0,0,1,0,0,0,0,0,1,1,0,1,0,0,1,0,0,0,0,0,1,1,0,0,0,1,0,0,0,0,1,1,1,1,1,1,0,1,0,0,0,1,0,0,1,0,neg
1,1,0,1,0,0,1,1,0,0,1,1,0,0,0,0,0,1,1,1,1,0,0,0,0,0,0,0,0,0,1,0,0,1,1,0,0,1,0,0,0,1,1,0,0,1,0,0,0,0,1,0,1,0,1,0,0,1,1,0,1,0,0,1,1,0,1,1,0,0,1,0,0,0,1,0,1,1,neg
0,1,1,0,0,1,0,1,0,0,1,1,0,0,1,0,0,0,1,0,0,0,0,0,1,1,0,1,0,0,0,0,0,0,0,1,1,1,1,1,0,0,0,0,0,1,0,0,0,0,0,0,0,0,1,1,1,0,0,0,1,1,0,1,1,1,1,0,0,0,0,1,0,1,1,1,0,0,neg
1,1,0,0,1,0,1,1,0,1,1,1,0,0,1,1,1,1,1,0,1,0,0,0,1,1,1,1,1,0,0,0,0,1,1,1,1,0,0,1,0,1,0,1,1,1,1,0,1,0,1,1,1,1,1,0,1,1,0,0,0,0,0,1,1,1,1,0,1,1,0,0,0,1,0,0,1,1,neg
1,1,1,0,0,0,1,1,0,1,1,1,0,0,1,1,1,1,1,1,1,0,0,0,1,1,1,1,1,1,1,0,1,0,1,0,0,1,0,0,0,1,0,1,0,0,1,0,1,0,0,1,1,0,1,0,1,0,0,1,0,0,1,1,1,1,1,0,1,1,0,1,1,1,1,0,1,0,neg
0,1,1,0,0,0,1,0,1,1,1,1,0,1,1,1,1,1,1,0,1,1,0,0,1,1,1,1,1,0,1,0,0,0,1,1,1,1,0,1,0,1,1,1,1,1,1,1,1,0,0,0,1,1,1,0,1,1,0,0,1,0,0,1,1,1,0,1,1,1,0,0,0,1,1,0,1,0,neg
1,1,0,0,0,0,0,0,0,0,0,1,0,0,1,0,0,0,1,1,1,0,0,1,0,1,1,0,0,0,1,0,0,1,1,1,1,1,0,0,1,0,1,1,0,0,0,1,0,0,1,1,0,1,0,0,0,0,0,1,0,0,0,0,1,0,0,0,0,0,1,0,0,1,0,0,0,1,neg
0,1,0,1,0,0,0,1,0,1,0,1,0,0,1,1,1,1,0,0,1,1,0,0,0,1,1,0,1,1,0,0,1,1,1,1,0,1,0,0,0,0,1,1,1,1,0,0,1,0,1,1,1,0,1,0,0,0,1,0,0,0,0,0,0,1,0,0,1,0,0,0,0,1,1,0,0,1,neg
0,1,0,0,0,0,1,1,0,1,1,1,1,0,1,1,1,1,1,1,1,1,1,0,0,1,1,0,1,0,1,0,0,0,1,1,1,0,0,0,0,0,1,1,0,0,0,1,1,0,1,1,1,0,1,0,0,1,0,0,0,0,0,0,1,1,0,0,0,1,1,0,1,1,1,0,1,1,neg
1,1,1,1,1,0,0,0,0,0,1,1,1,1,1,0,1,0,0,0,1,0,0,0,0,1,1,0,0,1,1,0,1,0,1,0,1,1,0,0,0,1,0,1,1,1,1,1,0,1,1,0,1,1,1,0,1,0,0,0,0,0,0,0,0,0,0,0,1,1,0,1,0,1,0,0,0,0,neg
0,1,1,0,0,1,0,1,0,1,1,1,1,1,0,0,0,0,1,0,0,0,0,0,0,1,1,0,1,0,0,0,0,0,1,0,0,1,0,0,0,1,0,1,0,0,1,1,0,1,0,1,1,1,1,1,0,0,0,1,1,1,0,0,1,0,0,0,0,1,0,1,0,0,1,1,0,0,neg
0,1,1,0,0,0,0,1,1,0,0,0,0,1,0,0,1,0,0,1,1,0,1,0,1,1,0,0,1,0,0,0,1,1,1,0,1,0,1,0,1,1,0,1,1,1,0,0,1,1,1,1,1,1,1,1,0,0,1,0,1,0,0,1,0,1,1,0,0,1,0,0,0,1,1,0,1,1,neg
0,1,0,0,0,0,1,1,0,0,1,1,0,0,1,1,1,0,1,1,1,0,0,0,1,1,0,0,1,0,1,0,1,0,1,1,1,1,0,1,0,1,1,1,1,1,0,1,0,0,0,1,1,0,0,1,1,1,0,1,0,0,0,1,1,1,1,0,1,1,0,1,0,1,1,0,1,0,neg
0,0,0,0,0,0,0,1,1,0,0,1,0,1,1,0,1,0,0,0,0,0,0,0,0,0,0,1,0,1,0,0,0,0,1,1,0,0,1,0,0,0,0,0,0,1,1,1,1,1,0,0,1,0,1,0,0,0,0,1,1,0,0,1,1,1,0,1,1,1,0,0,0,1,1,0,0,1,neg
0,1,0,0,0,0,0,0,0,1,1,1,0,0,0,0,0,1,1,0,0,0,0,0,1,1,0,0,1,0,0,1,1,0,0,1,1,0,1,0,1,0,1,1,0,1,0,0,0,0,0,1,0,0,0,1,0,0,1,0,1,0,0,1,0,0,1,0,1,1,1,0,0,0,1,0,0,0,neg
1,1,1,1,0,0,1,1,0,1,1,1,0,0,1,1,0,1,0,0,1,0,0,0,0,1,1,0,1,0,1,1,1,0,1,1,1,1,0,0,0,1,0,1,1,0,1,1,1,0,1,0,1,1,1,1,0,1,0,0,0,1,1,1,0,1,1,0,1,0,0,0,1,1,1,0,0,0,neg
1,1,0,0,1,0,0,1,0,0,1,0,0,1,0,0,1,0,0,0,0,0,0,0,0,0,0,0,1,0,0,0,0,0,1,1,0,0,1,1,1,0,0,0,0,0,0,0,1,1,0,1,1,0,1,0,1,0,0,0,1,0,1,0,1,0,1,0,1,0,0,0,0,0,0,0,1,0,neg
0,1,0,1,0,0,1,1,0,1,1,1,0,0,0,0,1,1,0,0,1,1,0,0,1,1,1,0,0,1,0,0,0,0,1,1,1,1,1,0,0,1,0,1,0,1,1,0,1,1,0,0,1,0,0,0,0,0,0,0,1,1,0,1,1,1,0,0,1,1,0,0,0,1,0,0,1,0,neg
0,1,0,0,0,1,0,0,0,1,0,1,0,1,1,1,1,0,1,0,1,1,1,0,0,0,0,0,0,0,0,0,1,0,1,1,1,0,1,0,0,0,0,1,0,1,0,0,0,1,0,0,0,0,0,1,0,0,0,0,1,0,0,0,1,0,0,0,0,1,1,1,0,1,0,0,0,0,neg
0,0,1,0,1,0,0,0,0,0,1,0,0,1,0,1,1,0,0,0,1,0,0,0,1,0,0,0,1,1,0,0,0,0,0,0,0,0,1,0,0,0,0,0,1,0,0,1,1,1,1,0,0,0,0,0,1,0,0,0,1,0,1,0,0,0,0,0,0,0,0,0,1,0,0,0,0,0,neg
1,1,1,1,0,0,0,0,0,0,1,1,1,0,1,0,0,1,1,1,1,0,1,1,0,0,1,1,0,0,1,1,0,0,1,1,0,0,1,0,0,0,0,1,1,1,0,1,0,1,1,0,1,1,1,0,1,1,0,1,1,0,0,1,0,1,1,0,1,0,1,0,0,1,1,0,0,1,neg
0,1,1,0,1,1,0,1,1,1,1,1,1,1,0,1,1,0,1,1,1,0,0,0,0,1,1,0,1,0,1,0,0,0,1,0,1,0,1,1,0,1,1,1,0,0,1,0,1,0,0,0,1,1,1,1,1,1,0,1,1,0,1,0,1,0,1,0,0,1,1,0,1,1,1,1,1,0,neg
0,0,0,0,1,0,1,0,0,1,1,0,1,0,0,0,1,0,1,0,1,1,1,0,0,1,0,0,1,0,0,0,0,0,0,0,0,1,0,0,0,1,0,1,0,1,1,1,1,0,1,1,1,0,0,1,0,0,1,1,0,1,1,0,1,1,0,0,0,0,0,1,1,1,1,1,0,0,neg
1,1,0,0,0,0,1,1,1,1,0,1,0,1,1,1,1,1,0,1,1,1,0,0,0,0,1,0,1,1,1,0,1,0,1,1,1,1,0,0,0,0,0,1,1,1,1,1,1,1,1,1,1,0,1,1,0,1,0,1,1,0,1,1,1,0,1,0,1,0,0,0,1,1,0,0,1,0,neg
0,1,0,1,1,0,0,1,0,1,1,1,0,0,0,0,0,1,1,0,1,0,0,0,1,0,1,0,1,1,0,0,1,0,1,1,0,1,0,1,0,0,0,1,0,1,0,1,1,0,1,1,1,0,1,0,0,1,0,1,0,1,1,1,0,1,1,0,1,1,0,1,1,0,1,0,0,0,neg
0,1,0,0,0,0,1,1,0,1,1,1,0,0,1,1,1,0,1,1,1,1,0,0,0,1,1,0,1,1,0,1,1,0,1,0,1,1,0,0,0,1,0,1,1,1,0,1,1,0,1,0,1,1,1,0,0,1,0,0,0,0,0,1,0,1,1,0,1,0,0,0,0,0,1,0,1,0,neg
1,1,1,0,0,0,0,1,0,1,1,1,0,1,1,0,1,1,1,1,1,0,0,0,0,1,1,0,0,0,1,1,1,0,1,1,1,1,1,1,0,1,1,1,0,1,1,1,1,0,0,0,1,1,1,1,1,1,0,1,0,0,0,0,1,0,1,0,1,1,1,1,0,1,1,0,1,1,neg
0,1,0,1,1,0,0,1,0,1,1,1,1,1,1,1,0,1,0,0,1,0,1,0,1,0,0,0,1,0,0,0,1,0,0,1,1,1,1,1,0,1,1,1,1,1,1,1,1,0,1,0,1,0,1,1,1,0,0,0,1,0,0,1,1,1,1,0,1,1,0,0,0,1,1,0,1,0,neg
1,1,1,0,1,0,0,1,1,1,1,1,1,1,1,0,1,0,1,0,1,1,0,0,1,1,1,1,1,1,0,0,1,1,1,1,1,1,1,0,0,1,0,1,1,1,1,1,1,1,1,1,1,1,1,0,0,1,0,0,0,0,0,0,1,1,1,0,1,1,0,0,0,1,1,0,1,1,neg
1,1,1,0,0,0,1,1,0,1,1,1,0,0,1,0,0,0,0,0,1,1,0,0,1,0,0,0,0,0,0,0,1,0,1,0,0,0,0,1,0,0,0,1,1,1,1,1,1,1,0,0,1,0,0,0,0,1,1,0,0,1,0,1,0,1,1,0,1,1,0,0,0,1,1,0,0,0,neg
0,1,0,0,0,1,0,1,0,1,1,1,0,0,0,0,0,0,0,1,1,1,0,0,0,1,1,0,1,1,1,0,1,0,1,1,1,1,0,1,1,1,0,1,1,1,0,1,1,1,1,1,0,1,1,1,1,1,0,0,0,0,0,1,0,0,1,0,1,1,0,0,0,1,1,1,1,0,neg
1,1,1,0,0,0,0,0,0,1,0,1,0,1,1,1,1,0,0,0,1,1,0,0,1,1,0,0,1,1,0,0,0,0,1,0,1,1,0,1,0,1,0,1,1,0,0,0,0,0,0,1,0,1,0,0,0,1,0,0,1,1,0,0,0,1,1,0,1,1,0,1,0,0,1,0,1,0,neg
0,1,0,0,0,0,0,0,1,1,1,1,1,0,1,0,0,0,0,0,0,0,0,0,1,0,1,1,0,0,0,0,0,0,1,1,0,1,1,1,0,1,1,1,1,1,1,1,1,0,1,0,1,0,1,1,1,1,0,1,0,0,0,0,1,1,0,1,1,1,0,0,0,0,1,0,0,0,neg
1,1,0,0,1,0,0,1,0,1,1,1,0,1,0,0,0,0,0,0,1,0,1,1,0,0,1,0,0,0,0,0,1,0,1,0,1,0,1,0,0,0,1,1,0,1,0,1,1,0,1,0,1,1,0,0,0,0,0,0,1,0,0,1,0,0,1,1,1,0,1,1,0,0,1,0,1,0,neg
0,1,0,0,0,1,0,1,0,1,1,0,0,1,0,1,1,1,1,1,1,1,0,0,0,0,1,0,0,1,0,0,1,1,1,0,1,0,0,0,0,1,0,1,0,1,0,0,1,1,1,0,1,1,1,1,1,0,0,1,1,0,0,1,1,0,0,0,1,0,1,1,0,1,1,0,1,1,neg
0,1,0,1,0,1,1,1,0,1,1,1,0,0,1,1,0,1,1,1,1,1,0,0,0,1,1,1,1,1,1,0,1,0,1,0,1,1,1,0,0,1,0,1,0,1,1,0,1,0,0,0,1,0,1,1,1,1,0,0,1,1,0,1,1,1,1,0,1,0,0,1,0,1,1,1,1,0,neg
1,1,0,0,1,1,0,1,0,0,1,1,1,1,1,1,1,1,1,1,1,1,1,0,1,1,1,0,0,0,1,1,0,0,1,0,0,0,1,1,0,1,0,1,0,1,1,1,1,1,0,0,1,1,1,1,1,0,0,1,1,0,1,0,1,1,1,0,1,0,0,1,0,0,1,0,1,0,neg
0,0,1,0,0,0,1,0,0,1,0,1,0,1,0,1,0,1,0,1,1,0,0,0,1,0,1,0,0,0,1,0,1,0,1,1,0,1,1,1,0,1,0,1,1,1,0,0,1,0,1,0,0,0,1,0,0,0,0,0,0,0,1,0,1,1,0,0,1,1,0,0,1,0,0,0,1,0,neg
0,0,1,1,0,1,1,0,1,0,0,1,0,0,0,0,1,0,1,1,1,1,1,0,0,1,1,0,0,0,1,0,0,1,1,0,0,1,1,1,0,1,1,1,1,0,0,0,1,0,1,1,0,0,1,0,1,1,1,0,0,1,0,1,0,1,1,0,1,1,0,1,0,0,1,0,1,1,neg
0,0,0,1,0,0,1,0,0,1,1,1,0,0,0,1,0,0,0,0,1,1,0,0,1,0,1,1,1,0,1,0,1,0,1,0,0,1,1,0,1,0,1,1,1,0,0,0,1,0,0,1,0,1,0,1,0,1,0,1,0,0,1,1,0,0,0,0,1,0,0,1,0,0,1,1,0,0,neg
0,0,0,0,1,1,0,0,0,0,0,0,0,1,0,0,0,0,0,0,0,0,0,0,0,0,0,0,1,1,0,0,0,0,1,0,0,1,1,0,1,1,0,0,1,0,0,0,0,1,0,0,1,1,1,0,1,0,0,0,1,1,0,0,0,1,0,0,1,1,0,1,0,1,0,0,1,0,neg
1,1,1,1,0,0,1,0,0,0,1,1,0,0,1,1,0,1,1,0,1,0,0,0,0,0,1,0,1,1,1,0,0,0,1,1,1,1,1,1,0,1,1,1,1,1,1,0,1,0,0,0,0,1,1,1,1,1,0,0,1,0,0,1,1,1,1,0,1,0,0,1,1,1,1,0,1,0,neg
0,1,0,0,1,1,0,0,0,1,1,1,1,0,1,1,1,1,1,0,1,0,1,0,1,0,0,0,0,1,0,0,0,0,1,1,1,1,0,1,0,1,1,1,0,1,1,1,1,1,0,0,0,0,1,1,1,1,0,0,0,0,0,1,1,1,1,0,1,0,0,1,0,1,1,0,1,1,neg
1,1,1,0,0,1,0,1,0,1,1,1,0,0,0,0,0,1,0,0,0,1,0,0,1,0,0,0,0,0,0,0,1,0,0,0,1,0,1,0,1,1,1,1,1,0,0,1,0,0,0,1,1,0,1,0,0,0,0,1,1,0,0,0,1,0,0,0,1,1,1,0,1,0,1,0,1,0,neg
1,1,0,0,0,0,0,1,0,0,0,0,0,1,1,0,0,1,0,1,1,0,0,1,0,0,1,0,0,0,0,0,1,0,1,0,0,1,1,0,0,1,1,0,0,1,1,1,1,0,1,0,0,1,1,0,1,1,1,1,1,0,0,1,1,1,0,0,1,0,1,0,0,0,1,0,1,0,neg
1,1,1,0,0,1,0,1,0,1,1,1,0,0,1,1,1,0,1,1,1,1,0,0,0,1,1,0,1,1,0,0,1,0,1,1,1,1,1,1,0,0,0,1,0,1,0,1,1,0,0,0,1,1,1,1,1,1,0,1,1,0,0,1,1,1,1,0,1,1,1,0,0,0,1,1,1,0,neg
0,1,0,0,0,1,0,0,0,0,0,1,0,0,1,0,0,1,1,1,1,0,0,0,0,1,1,0,1,0,1,0,1,0,0,1,1,1,0,1,1,0,0,1,1,1,1,0,1,0,1,0,1,1,0,0,1,1,0,0,0,0,0,0,1,1,1,0,0,1,0,1,0,1,1,0,1,0,neg
0,0,1,1,0,0,0,1,0,1,0,0,1,1,1,1,1,1,0,0,0,0,0,0,0,0,1,0,1,0,0,0,0,0,1,0,1,1,1,0,0,0,0,0,0,0,0,0,1,0,1,1,0,0,0,1,1,0,0,1,1,0,0,0,1,0,0,0,0,1,0,1,1,0,0,0,0,0,neg
1,1,0,1,0,0,0,0,0,1,1,1,1,0,1,1,0,1,0,1,1,1,1,0,0,1,0,0,0,1,0,0,1,1,1,1,0,1,0,0,1,1,1,1,0,1,0,1,1,0,1,0,0,1,1,1,0,1,0,0,1,1,0,1,1,1,1,0,1,1,0,0,0,1,1,0,1,0,neg
1,1,0,0,0,0,0,0,1,1,1,1,0,0,1,0,0,0,0,1,1,1,0,0,0,0,1,0,0,1,1,0,1,0,1,0,0,0,0,0,0,1,0,1,0,0,1,1,0,0,1,1,1,0,1,1,0,0,0,0,0,0,0,1,1,0,0,1,1,1,0,1,0,0,1,0,1,0,neg
1,1,0,0,1,1,0,1,0,1,1,1,0,1,1,1,1,1,0,1,1,1,0,0,0,1,1,0,1,1,0,0,1,1,1,1,1,1,0,0,0,1,0,1,0,1,1,1,1,1,1,1,1,1,1,1,1,0,0,0,0,0,0,1,1,1,1,0,1,1,0,0,0,1,1,0,1,0,neg
1,0,1,0,0,0,0,0,0,1,1,1,0,0,0,1,1,0,0,0,1,0,1,0,0,0,1,0,1,0,1,0,0,0,0,1,0,0,0,0,0,1,1,1,1,0,0,0,1,0,0,0,0,1,1,1,0,1,0,1,0,0,1,1,1,0,1,0,0,0,0,0,0,1,0,0,1,0,neg
1,1,0,0,0,1,0,1,0,1,0,1,0,0,1,0,1,1,1,0,1,1,0,1,0,0,1,0,1,1,0,0,1,0,1,1,1,1,0,1,0,1,0,1,0,0,0,1,1,0,0,1,1,1,1,1,1,0,0,1,0,1,0,1,1,1,0,0,1,1,0,1,0,1,1,0,1,0,neg
0,1,0,0,0,0,0,0,0,0,1,1,0,0,1,0,0,1,1,1,1,0,0,0,1,0,0,0,1,1,1,0,1,0,1,0,1,0,0,0,1,1,0,0,1,1,0,0,1,1,1,0,1,0,0,0,0,1,0,0,0,0,0,0,0,0,0,1,0,0,0,0,0,1,0,0,0,0,neg
0,1,0,0,1,1,0,0,1,0,1,1,1,1,0,0,1,0,0,0,1,1,0,1,0,1,0,0,0,1,0,0,1,0,1,0,0,1,1,0,0,1,0,1,0,0,0,1,0,1,0,1,0,0,1,0,0,0,1,0,1,0,1,0,1,0,1,0,0,1,1,0,0,0,1,0,0,0,neg
1,1,0,0,0,1,0,1,0,1,0,1,0,1,0,0,1,0,1,1,1,0,0,0,0,1,1,0,1,0,0,0,1,0,1,0,0,0,0,1,0,0,0,1,1,0,0,0,1,0,1,0,1,1,1,1,0,0,1,1,1,0,0,1,0,1,0,0,1,1,0,0,1,1,1,1,1,1,neg
1,1,1,0,1,0,1,0,0,1,0,0,0,1,1,1,1,1,0,0,1,1,0,0,0,1,0,0,1,1,0,1,1,0,0,1,0,1,1,0,1,1,1,0,1,1,0,0,1,1,0,1,1,0,1,0,0,1,0,1,1,0,0,0,1,0,1,0,0,1,0,0,1,0,1,0,0,0,neg
1,1,0,0,0,0,0,1,0,1,1,1,0,1,1,0,1,1,0,0,1,0,0,0,0,0,1,0,0,0,1,1,0,0,1,1,1,1,1,1,0,0,1,1,0,1,1,1,1,0,1,1,1,1,1,0,0,1,0,1,1,1,0,1,1,1,1,1,1,0,0,0,0,1,1,1,1,0,neg
1,0,1,0,0,0,0,0,1,1,1,0,0,0,1,0,0,0,1,1,1,0,0,0,0,0,0,0,1,0,0,1,0,0,0,1,1,0,1,1,0,0,0,1,1,1,0,1,0,0,0,0,1,0,0,0,1,1,0,1,1,0,0,1,0,0,1,0,1,0,0,0,0,0,0,0,0,0,neg
0,1,1,0,0,0,1,0,1,1,1,1,1,1,0,0,1,0,0,0,1,1,1,0,0,1,1,0,0,1,0,0,0,0,1,1,1,0,1,1,0,0,1,1,0,1,0,1,1,0,1,0,1,1,1,0,0,1,0,1,1,0,1,0,1,1,0,1,1,1,0,0,0,1,0,0,1,0,neg
1,1,0,1,0,1,0,0,0,1,1,1,0,1,1,0,1,0,0,1,1,0,0,0,1,1,1,0,1,0,0,0,1,0,1,1,1,1,0,0,0,1,1,1,0,1,1,1,1,0,0,1,1,1,1,1,1,1,0,1,1,1,0,1,1,1,0,0,1,1,0,1,0,1,0,1,1,0,neg
0,1,0,0,0,0,0,0,0,0,0,0,0,1,0,1,0,1,1,1,1,1,0,0,1,1,1,0,0,0,0,0,1,0,1,0,1,0,0,1,1,0,0,1,1,1,0,0,1,0,1,0,1,1,1,1,0,1,0,0,0,0,0,0,1,1,0,0,1,0,0,0,0,1,1,0,0,1,neg
1,1,0,0,0,0,0,1,0,1,1,1,1,0,1,0,0,1,1,1,1,0,0,0,1,1,1,0,1,0,1,0,0,0,1,1,0,1,1,1,1,1,1,1,1,0,1,0,1,0,1,1,1,1,1,0,1,0,0,1,1,0,1,1,0,1,1,0,0,1,0,0,0,1,1,0,0,0,neg
0,1,0,0,0,0,0,0,0,0,0,1,0,1,0,0,0,0,1,1,1,0,0,0,0,1,0,0,1,1,0,1,1,0,0,0,1,1,1,1,0,1,1,1,0,1,0,0,0,0,0,0,0,1,1,1,0,1,1,0,1,0,0,1,1,1,0,1,1,1,0,0,0,0,0,0,1,0,neg
0,1,0,0,0,0,0,1,0,0,1,1,1,1,1,0,1,1,1,0,1,0,1,0,0,1,1,0,1,1,0,0,0,1,1,1,1,1,1,1,0,1,0,1,1,0,1,1,0,1,1,1,1,1,1,0,1,1,0,0,1,0,0,1,1,1,1,0,1,0,0,1,1,1,1,0,1,1,neg
0,1,0,0,1,0,0,1,0,1,0,1,0,0,1,0,0,0,1,0,1,0,0,0,0,0,1,0,1,0,0,0,0,0,0,0,0,0,0,0,0,0,0,1,1,0,0,0,1,1,0,1,0,0,0,1,0,0,0,0,0,0,0,1,0,1,0,1,1,1,0,0,1,1,1,0,1,0,neg
0,1,0,0,0,1,1,0,0,0,1,1,0,1,1,1,1,0,0,1,1,1,0,1,0,1,1,0,0,1,0,0,0,0,1,0,0,0,0,0,1,1,0,0,0,0,0,1,1,0,0,1,0,1,1,1,1,1,1,0,1,0,0,1,0,1,0,0,0,1,1,0,0,0,0,1,0,0,neg
1,1,0,0,1,0,0,1,1,1,1,1,1,1,0,1,1,1,0,1,1,0,0,0,0,0,1,1,1,0,1,1,1,0,0,1,1,1,0,0,0,0,1,1,0,1,0,1,0,0,1,1,0,1,1,0,0,1,0,0,0,0,0,1,0,1,0,0,0,1,0,0,0,1,1,0,1,0,neg
0,1,1,0,0,0,0,1,1,1,1,1,0,0,0,0,1,0,1,1,1,1,0,0,0,1,1,0,1,0,0,0,0,0,1,1,1,1,1,0,0,1,0,1,1,1,0,1,0,0,1,0,1,0,1,0,1,1,0,0,1,1,0,0,1,0,1,0,1,1,0,1,0,1,1,0,1,0,neg
1,1,0,0,0,1,0,1,1,0,1,1,0,1,1,1,0,1,1,0,1,0,1,1,1,1,1,0,1,0,1,0,0,0,0,0,0,1,0,1,0,1,0,0,0,1,1,1,1,1,1,0,0,1,1,1,1,0,0,0,1,0,0,1,0,1,1,0,1,0,0,0,0,0,0,0,1,0,neg
0,0,1,0,0,0,1,1,0,1,1,1,0,0,0,0,1,0,0,0,0,0,0,0,1,0,0,1,0,0,1,1,0,0,1,0,1,0,1,0,0,0,0,1,0,0,0,0,0,0,1,0,0,0,0,0,0,1,0,0,1,0,0,0,0,1,0,0,1,0,0,0,0,0,0,0,0,0,neg
1,1,0,0,1,1,0,1,1,1,1,1,0,0,1,1,1,1,1,1,1,0,0,0,0,1,1,1,1,1,1,0,1,0,1,1,1,1,0,1,0,1,0,1,0,1,1,1,1,1,1,0,1,0,1,1,0,1,0,1,1,0,0,1,1,1,1,0,1,0,0,1,0,1,1,0,1,0,neg
1,0,0,0,0,0,0,1,0,0,1,1,1,1,1,0,1,1,1,0,0,1,1,0,1,0,1,0,1,0,0,0,1,0,1,1,0,0,0,0,0,1,0,1,0,1,0,0,0,1,0,1,0,1,0,1,0,0,0,1,1,1,0,0,0,0,0,0,1,1,0,0,0,0,0,0,1,0,neg
1,0,0,0,0,0,1,1,0,0,1,1,0,1,1,0,0,0,0,0,1,1,1,0,1,1,0,0,1,0,1,0,0,0,1,0,1,0,0,0,1,1,0,1,1,1,1,0,1,0,0,0,0,1,1,0,0,0,0,0,1,0,0,1,1,1,1,0,1,0,0,0,1,1,1,0,1,0,neg
0,1,0,0,1,1,0,1,0,1,1,1,0,0,1,0,1,1,1,1,1,1,0,0,0,1,1,0,1,0,0,0,1,0,1,1,1,0,0,0,0,1,0,1,1,1,1,1,1,1,0,0,1,1,1,1,1,1,0,0,1,1,0,0,1,1,1,0,1,1,0,0,0,1,1,1,1,1,neg
0,0,1,0,0,0,1,1,1,1,1,0,0,1,0,1,1,0,0,1,0,0,0,0,0,0,1,0,0,1,1,0,1,0,1,0,1,0,1,1,0,1,1,1,0,0,1,0,0,0,1,1,1,0,0,1,1,1,0,1,1,0,0,1,1,1,1,0,1,0,0,0,1,0,1,0,0,0,neg
1,1,0,1,1,0,0,0,0,1,1,1,0,1,1,0,1,1,0,0,1,1,0,0,1,0,1,0,1,1,1,0,1,0,1,1,1,1,1,1,0,1,1,1,1,1,0,0,1,0,0,0,1,1,1,1,1,1,0,1,0,0,0,1,1,1,1,0,1,0,0,0,0,1,1,0,1,0,neg
0,1,0,1,0,0,0,0,0,1,0,1,0,0,0,0,0,0,1,0,1,0,0,0,0,1,1,0,1,1,0,1,1,0,1,0,0,1,0,0,1,1,0,1,0,0,1,0,0,1,0,1,0,0,1,0,0,0,0,0,1,0,1,1,1,0,0,0,0,0,0,1,1,1,1,0,1,0,neg
1,1,1,0,1,0,0,1,1,1,1,0,0,1,0,0,1,0,1,1,0,1,0,0,0,1,1,0,1,1,0,0,0,1,1,1,0,1,0,1,1,1,0,1,0,1,0,1,0,1,0,1,1,1,1,1,1,1,1,0,1,1,0,1,1,0,1,0,1,1,0,1,1,1,0,1,0,0,neg
1,1,0,0,1,0,0,1,0,1,1,1,1,0,1,0,0,1,1,0,1,0,1,0,0,0,0,0,1,1,1,0,0,0,1,0,1,1,0,0,1,0,1,1,0,0,0,1,1,0,1,0,1,1,0,0,0,0,0,1,1,0,0,0,1,1,1,0,1,0,0,0,0,1,1,0,1,0,neg
0,1,1,0,0,0,0,1,0,1,1,1,1,0,1,0,1,0,1,1,1,0,1,0,0,1,1,0,1,0,1,1,0,0,1,1,1,1,0,0,1,0,0,1,0,1,1,0,1,1,1,1,0,0,1,0,0,1,0,1,0,0,0,1,1,1,1,0,1,1,0,0,0,1,1,0,1,0,neg
0,1,0,0,0,0,1,0,0,1,1,1,0,1,1,0,0,0,1,0,1,1,0,0,0,1,1,0,1,0,1,0,0,0,0,1,0,1,0,0,0,1,0,1,0,1,1,0,0,0,1,1,1,0,0,1,0,1,0,0,0,0,0,1,1,1,0,1,0,1,0,1,1,1,0,1,1,0,neg
1,1,1,0,0,1,0,0,0,1,1,1,0,1,1,1,1,0,1,1,0,0,0,0,0,1,1,0,1,1,1,0,0,0,0,1,0,1,1,1,0,1,1,1,0,0,1,1,1,0,1,1,1,0,1,0,0,0,0,1,1,0,1,1,1,1,0,1,1,0,0,0,0,1,0,0,1,0,neg
0,1,0,0,1,0,0,1,0,0,1,0,0,0,1,0,1,1,1,0,1,0,0,0,1,1,0,0,1,0,1,0,0,0,1,0,1,0,1,0,0,0,1,1,0,0,1,0,1,0,1,1,0,1,0,1,1,1,0,0,1,1,0,1,1,1,1,0,1,0,0,0,1,0,1,1,1,0,neg
0,1,1,1,0,0,1,0,0,0,1,1,1,1,0,0,1,0,0,0,0,0,0,0,0,1,0,0,0,0,1,0,0,0,1,1,1,0,0,0,1,1,0,1,1,1,0,0,0,0,0,0,1,0,1,0,1,1,0,1,0,1,0,0,1,1,1,0,1,1,0,0,1,1,1,0,0,0,neg
1,1,0,0,0,0,0,1,0,0,1,1,0,0,0,1,1,1,1,1,1,1,0,0,0,0,1,0,1,0,1,0,0,0,1,0,1,1,1,1,0,1,0,1,1,1,0,1,1,0,0,0,1,0,1,1,0,1,0,0,1,1,0,0,1,1,1,0,1,0,0,0,1,1,1,0,1,1,neg
1,1,0,1,0,0,0,1,0,1,1,1,0,0,1,0,0,1,1,0,1,1,0,0,0,1,1,0,1,0,1,0,1,0,1,1,1,1,0,0,0,1,1,1,0,1,1,1,1,1,1,0,1,1,1,0,1,1,0,1,1,0,0,1,1,1,0,1,1,1,0,0,0,1,1,0,1,0,neg
1,1,0,0,0,1,1,0,0,1,1,1,0,1,1,0,1,1,1,1,0,1,1,0,0,1,1,0,0,1,0,0,1,0,1,0,1,1,1,1,0,1,0,1,0,1,1,0,1,0,0,0,0,1,1,1,0,1,0,1,1,1,0,1,1,1,1,0,1,1,0,1,1,1,1,1,0,1,neg
0,1,0,1,0,0,0,1,0,0,1,1,0,0,1,0,0,0,0,1,1,1,0,0,1,1,0,1,0,1,0,0,0,0,0,1,0,1,0,0,1,0,0,0,0,1,1,0,0,1,0,1,1,0,1,0,1,1,0,1,0,0,0,0,1,1,0,0,1,0,0,1,1,1,0,0,0,0,neg
1,1,1,0,0,0,0,0,0,1,1,1,1,0,1,0,1,0,0,0,0,0,1,0,0,0,1,0,1,1,0,1,1,0,0,1,0,1,0,0,1,1,1,1,1,0,0,0,1,0,0,1,0,0,1,0,0,1,0,0,0,0,1,0,0,1,1,0,1,0,0,1,0,1,0,1,0,0,neg
0,1,1,1,0,0,1,1,0,1,1,1,1,1,1,1,1,1,0,1,1,1,1,0,1,1,0,0,1,1,0,0,1,0,1,1,1,0,1,0,1,1,0,1,1,1,1,1,1,0,0,1,1,1,1,0,1,1,0,1,1,0,0,1,1,1,1,0,1,1,0,0,0,1,1,0,1,1,neg
0,0,0,0,1,0,0,0,0,1,0,0,0,1,0,0,1,0,0,0,1,0,0,1,0,0,0,0,0,0,0,0,0,0,1,0,0,0,1,0,0,0,0,1,1,1,0,0,0,1,1,0,1,0,0,0,0,0,0,0,0,0,0,0,1,0,0,0,1,0,0,0,1,1,0,0,1,0,neg
1,1,0,0,0,0,0,1,0,0,1,1,0,0,0,0,1,0,1,1,1,1,0,0,1,0,1,0,1,1,0,0,0,0,1,1,1,0,1,0,0,1,1,1,0,1,1,0,0,0,1,0,1,1,1,1,1,0,0,0,1,0,1,0,1,1,0,0,1,1,0,0,1,1,1,1,0,0,neg
0,1,0,1,0,0,0,1,0,1,1,0,1,1,1,1,1,1,1,0,1,1,1,0,1,1,1,0,0,1,1,0,0,0,1,0,1,1,1,1,0,1,1,1,1,1,0,1,1,1,1,1,0,0,1,1,0,1,0,0,0,1,0,1,1,0,1,1,1,1,0,1,1,1,1,1,1,0,neg
0,1,1,1,1,0,0,1,0,1,1,1,0,1,1,0,1,1,1,1,1,1,0,0,0,0,1,0,1,0,1,1,1,0,1,1,0,0,0,0,1,0,0,1,1,1,0,1,1,0,1,1,1,1,1,1,0,1,1,1,1,0,1,1,1,1,1,1,1,0,0,1,0,1,1,1,0,1,neg
0,1,1,0,1,0,0,0,0,0,0,1,0,0,1,0,1,0,0,1,1,0,0,0,0,1,1,0,1,0,0,0,0,0,1,0,0,0,0,0,1,0,0,1,0,1,1,0,1,1,1,0,1,0,0,0,0,0,0,1,0,1,0,1,0,1,0,0,1,1,1,1,0,1,1,0,1,1,neg
1,1,1,0,1,0,0,1,0,1,0,0,0,0,1,0,1,1,1,1,0,1,0,0,1,0,1,0,0,1,1,0,1,0,0,0,1,1,0,0,1,1,0,0,0,1,0,0,0,0,1,1,0,1,1,1,0,1,1,0,0,0,0,1,1,0,1,0,0,0,0,1,1,1,1,0,0,0,neg
1,1,0,0,0,0,0,0,0,1,1,1,0,1,1,1,1,1,1,0,1,0,0,0,1,1,1,0,1,0,0,1,1,0,1,0,0,1,0,1,1,1,1,1,0,1,1,1,1,0,0,0,1,1,0,1,1,1,0,1,0,1,0,0,0,1,0,0,1,1,0,1,0,1,1,0,0,0,neg
1,1,1,0,0,0,0,0,0,0,1,0,0,1,0,0,0,1,0,0,1,1,0,0,0,0,1,0,1,1,1,0,0,0,1,1,1,1,0,0,1,1,1,0,0,1,1,1,0,1,1,0,1,0,0,0,1,0,0,0,1,0,1,1,0,0,0,1,1,0,0,1,0,0,1,1,1,0,neg
0,1,0,0,1,1,0,0,0,0,1,1,0,1,1,1,1,1,0,0,1,1,0,0,0,0,1,0,0,0,0,0,0,0,1,1,1,1,0,1,0,1,0,1,1,1,1,1,1,0,1,1,0,0,1,0,1,0,0,0,1,0,1,0,0,1,0,0,1,0,0,1,0,1,0,1,1,0,neg
0,1,1,0,0,0,0,0,0,0,1,1,0,0,0,0,1,0,1,0,1,1,0,1,0,1,1,0,0,0,1,0,1,0,1,0,1,0,1,0,0,1,1,1,1,1,0,1,1,0,1,1,1,0,0,1,1,1,1,1,1,1,1,1,0,1,0,1,1,0,0,1,0,0,1,0,1,0,neg
1,1,0,0,0,0,1,0,0,1,1,0,0,1,1,0,1,0,0,1,0,0,0,1,0,1,0,0,0,0,0,0,0,0,0,0,0,0,1,0,0,0,1,0,0,0,0,0,0,0,0,0,0,1,1,0,0,0,0,0,1,0,1,0,1,1,0,0,1,1,1,0,0,0,0,0,0,0,neg
0,1,0,0,0,0,0,1,0,1,1,1,0,1,0,0,0,1,1,0,1,1,0,0,0,1,1,1,0,0,0,0,0,0,0,0,0,0,1,0,0,0,0,1,0,1,0,1,1,0,0,0,0,0,1,1,1,1,0,0,1,0,0,0,0,1,0,0,0,0,0,1,0,0,1,1,1,1,neg
0,1,0,1,0,0,0,0,0,0,1,1,0,0,1,1,1,1,1,0,0,0,1,0,0,1,0,0,1,0,0,0,1,0,1,0,1,1,1,0,0,0,0,1,0,0,1,0,0,1,1,0,0,0,0,1,0,0,0,0,1,1,0,1,1,0,0,0,0,0,0,1,0,0,1,0,0,0,neg
0,1,0,1,0,0,1,1,0,1,1,1,0,1,1,1,1,1,0,0,1,1,0,0,0,1,1,0,1,0,1,0,1,1,1,1,0,1,1,1,0,1,1,1,1,1,1,1,1,0,0,1,0,1,1,0,1,1,1,1,1,0,0,1,1,1,1,0,1,1,0,1,0,1,1,0,1,1,neg
0,1,0,0,0,0,0,1,1,0,1,1,1,0,0,0,0,1,1,0,1,0,1,0,0,1,0,1,0,0,1,0,0,0,1,0,1,1,1,0,0,1,1,1,0,1,1,1,1,0,1,0,1,1,1,0,0,1,0,1,1,1,0,1,1,1,1,0,0,1,0,1,1,1,0,0,1,0,neg
1,0,0,0,1,0,0,1,1,0,0,1,1,0,1,0,0,0,1,1,1,0,0,0,1,0,0,0,0,0,1,0,0,0,1,0,1,0,1,1,0,1,0,0,0,1,0,0,1,0,1,0,1,0,1,0,0,1,1,0,1,0,0,0,1,1,1,0,1,0,0,0,1,1,1,0,1,0,neg
0,1,1,1,1,1,0,1,1,1,0,1,1,1,0,1,1,1,0,1,1,0,1,1,0,0,0,1,1,0,0,0,1,0,1,1,0,0,0,1,0,1,1,1,0,1,1,1,1,0,1,1,1,0,0,0,1,0,0,0,0,0,1,1,1,1,1,1,0,1,1,0,0,1,0,0,1,0,neg
0,1,1,0,0,0,0,1,0,1,0,0,0,0,0,1,1,1,0,0,1,0,0,1,0,0,1,0,1,1,1,0,1,0,1,1,1,0,0,0,0,0,0,1,1,1,0,1,1,0,0,1,1,1,0,0,0,1,0,1,1,0,1,1,1,1,1,0,0,1,1,1,0,1,0,0,1,0,neg
1,1,0,1,0,1,1,0,1,1,1,1,0,1,1,0,1,0,1,1,1,0,0,0,0,0,1,0,1,0,0,0,0,0,1,0,0,1,0,0,0,0,0,1,0,1,0,0,1,0,0,1,1,1,0,1,0,1,0,0,0,1,0,1,1,0,0,0,1,1,0,0,0,1,1,0,1,0,neg
0,1,0,0,0,0,0,0,0,0,1,1,0,0,1,0,0,1,0,0,1,0,1,0,0,1,1,0,0,0,1,0,0,0,1,0,1,1,1,1,1,1,1,1,1,0,0,1,1,0,0,0,1,1,0,1,1,1,0,1,1,0,0,0,1,0,1,0,1,1,0,1,0,0,1,0,1,0,neg
1,1,0,0,0,1,0,1,0,1,1,1,0,0,0,1,0,0,1,0,0,1,1,0,0,1,0,0,0,0,0,0,0,0,0,0,1,1,0,0,1,1,1,1,1,0,0,0,1,0,0,1,0,1,1,1,0,0,0,1,0,1,1,0,1,1,0,0,1,0,0,1,0,0,1,1,1,1,neg
0,1,0,1,0,1,0,0,0,0,1,0,0,1,1,0,1,0,0,1,1,0,0,0,1,1,1,1,0,0,1,0,1,1,1,0,0,1,1,1,1,1,0,1,0,1,1,0,0,0,1,0,1,0,1,1,1,1,0,1,1,0,0,1,1,0,1,0,1,0,0,1,0,1,1,0,1,1,neg
0,1,1,0,0,0,0,0,0,1,1,1,0,0,1,0,1,1,1,1,0,1,1,0,0,1,1,0,1,1,1,0,1,0,1,1,0,1,0,1,0,1,0,1,1,1,0,1,1,1,1,0,1,1,0,1,0,1,0,1,1,0,0,0,1,0,1,0,1,1,0,0,1,1,1,0,1,0,neg
0,1,0,1,0,0,0,1,1,0,1,1,0,1,1,1,0,0,1,0,1,1,0,0,1,0,1,0,1,0,1,0,1,0,1,0,1,0,0,1,0,1,0,1,1,0,1,0,1,0,0,0,1,0,1,0,1,1,0,1,0,0,0,1,1,0,1,0,1,0,0,0,0,1,1,0,1,0,neg
0,1,0,0,0,0,0,0,1,1,1,1,0,1,1,0,0,0,0,0,0,1,0,0,0,1,1,0,0,0,0,0,0,0,1,1,0,0,1,0,0,1,0,1,1,1,0,1,1,0,0,0,1,0,1,0,1,1,0,1,1,0,0,0,1,1,1,0,1,0,0,0,0,1,1,0,0,0,neg
1,1,0,0,0,0,0,1,0,1,1,1,0,0,1,0,1,0,1,0,1,0,0,0,0,1,1,0,1,0,1,0,1,1,1,1,1,0,0,0,0,1,0,1,1,1,1,1,1,0,0,1,1,0,1,1,1,0,0,1,0,0,1,1,1,1,0,0,1,0,0,0,1,1,1,0,1,1,neg
0,1,0,0,0,1,0,1,1,0,1,0,1,0,0,0,1,0,0,0,0,0,1,0,0,0,0,0,0,0,0,0,0,0,1,1,0,0,1,0,0,1,0,0,0,0,0,0,0,0,0,0,0,0,0,0,0,0,0,0,0,1,1,0,0,0,0,0,0,0,0,0,0,0,1,0,0,0,neg
0,1,0,1,0,1,0,0,0,1,1,1,1,1,1,1,1,0,0,1,1,1,0,0,0,1,1,0,0,0,1,1,1,0,1,1,0,0,1,0,0,0,0,1,0,0,0,1,1,1,1,0,0,0,1,1,1,1,0,1,1,0,0,0,1,0,1,0,1,1,0,0,0,0,1,0,1,0,neg
1,1,0,0,0,0,0,1,0,1,1,1,0,1,1,0,1,0,1,0,1,0,0,0,0,1,0,0,0,1,1,0,0,1,1,0,1,0,1,0,0,1,0,0,1,1,1,0,1,1,1,0,0,1,1,0,1,0,0,0,0,0,0,1,0,1,1,0,1,0,0,0,0,1,1,0,1,1,neg
0,1,0,0,0,1,0,0,1,0,0,0,0,1,0,0,0,1,1,0,0,0,0,0,0,1,1,0,0,1,1,0,0,0,1,0,0,0,1,1,0,0,0,0,0,0,1,0,1,0,0,0,1,0,1,0,0,1,0,1,1,0,0,0,0,0,0,0,0,1,0,0,0,0,1,0,0,0,neg
1,1,0,0,0,0,0,1,0,1,1,1,1,0,1,0,0,0,1,1,1,0,1,0,1,1,1,0,1,0,1,0,1,0,1,1,0,1,1,0,1,1,0,1,1,1,0,0,1,0,0,0,1,1,1,0,0,1,0,1,1,0,1,1,0,1,1,0,1,1,0,1,1,1,1,1,1,1,neg
0,1,1,0,1,0,1,0,0,1,1,1,0,1,1,1,1,0,1,0,1,0,0,0,0,1,1,0,0,1,0,0,0,0,1,1,0,1,0,1,0,1,0,1,1,0,0,0,0,1,1,0,1,0,1,0,0,0,0,1,1,0,1,0,1,0,1,0,0,0,0,1,0,0,0,0,1,0,neg
0,1,1,1,0,0,0,1,0,1,1,1,0,1,0,1,1,0,1,1,1,1,0,0,0,1,1,0,1,1,0,0,0,0,1,0,1,0,1,0,0,1,0,1,0,1,1,1,0,0,1,0,1,0,0,1,1,1,0,1,1,0,0,1,1,1,0,0,1,1,0,0,1,0,1,1,0,0,neg
1,1,1,0,1,0,0,1,0,1,1,1,0,1,1,1,1,0,1,1,1,0,0,0,0,1,1,0,1,0,0,0,1,1,1,1,1,1,0,1,1,1,0,1,0,1,0,0,1,1,1,0,1,1,1,1,0,1,1,0,0,0,0,1,1,0,1,0,1,1,0,1,1,1,1,0,1,1,neg
0,1,1,0,0,1,1,1,0,0,1,1,0,1,0,0,1,0,0,1,0,0,0,0,0,1,0,0,1,1,1,0,1,0,1,0,0,0,1,0,0,1,0,1,0,1,0,0,0,0,0,1,1,0,0,1,0,1,0,0,1,0,0,1,0,1,0,1,0,0,0,0,0,0,0,1,1,0,neg
0,1,0,0,0,0,0,1,0,0,1,0,0,0,0,1,0,0,0,0,1,1,0,1,0,0,0,1,0,1,1,0,0,0,1,0,1,1,0,1,0,1,0,1,0,1,0,0,1,0,0,0,1,0,1,0,1,1,0,1,0,0,0,0,1,0,1,0,1,1,0,0,0,1,0,0,0,0,neg
0,0,1,0,1,0,1,0,1,0,1,1,0,0,0,1,0,0,1,1,1,1,0,0,0,0,0,0,0,0,0,0,0,0,0,1,1,0,1,1,0,1,1,0,0,1,1,0,1,0,0,0,1,0,1,1,1,0,0,0,1,0,0,1,0,1,0,0,1,0,0,0,1,1,0,1,1,0,neg
0,1,0,0,0,0,0,0,0,1,1,0,0,1,0,0,1,0,0,0,1,0,0,1,0,1,0,0,1,0,0,1,1,0,1,1,1,0,0,0,0,1,0,1,0,1,1,0,1,0,0,1,1,0,0,0,1,0,0,0,1,0,0,0,1,1,1,0,1,1,0,0,0,1,1,0,1,0,neg
0,1,1,0,0,1,1,0,0,0,0,1,0,0,1,0,1,0,1,0,1,0,0,0,1,1,0,0,1,1,0,0,1,0,1,1,1,0,0,0,0,0,1,0,0,0,0,0,0,0,0,0,1,0,0,0,1,0,1,0,0,1,1,0,0,0,1,0,0,1,0,1,0,1,1,0,0,0,neg
0,0,0,0,1,0,0,0,0,0,1,1,0,0,1,0,1,0,0,1,1,0,0,0,0,0,1,0,0,0,1,0,0,0,1,1,0,0,1,0,0,1,0,1,0,1,0,1,0,0,0,1,1,0,1,1,1,1,0,0,0,0,0,0,1,1,1,0,1,1,0,1,0,1,1,0,0,0,neg
0,1,0,0,1,0,0,0,0,1,1,1,1,1,1,1,1,1,0,0,1,1,1,0,0,1,1,0,1,1,0,1,1,0,1,1,0,1,1,0,1,1,1,1,0,0,1,0,1,0,1,1,1,0,1,1,1,1,0,1,0,1,0,1,1,1,1,1,0,1,0,0,1,1,0,0,1,1,neg
1,1,0,0,0,0,0,1,1,1,1,1,0,0,1,0,1,1,1,0,1,1,0,0,0,1,1,0,0,0,0,0,1,1,1,0,1,1,0,1,1,1,1,1,0,0,1,0,1,0,1,0,1,0,1,1,1,1,1,0,0,1,0,1,1,1,1,0,1,1,0,0,0,1,1,0,1,1,neg
1,1,0,0,1,0,0,0,0,1,1,1,0,1,0,0,0,1,1,1,1,1,0,0,0,1,0,0,0,0,1,1,0,0,1,1,0,0,1,1,0,1,1,1,1,1,0,1,0,1,0,1,1,1,1,0,0,1,0,1,0,1,0,1,1,1,0,0,1,0,0,0,0,1,1,0,0,1,neg
1,1,1,0,1,0,1,1,1,1,1,1,0,1,0,1,1,0,1,1,1,1,0,0,0,1,1,0,1,1,1,0,1,0,1,0,1,1,1,0,1,1,1,1,1,1,1,1,1,1,0,0,1,1,0,1,0,0,0,1,1,1,1,1,1,1,1,0,1,1,0,1,1,1,1,0,1,1,neg
1,1,0,0,0,0,0,1,0,1,0,1,0,0,1,0,0,0,1,0,1,1,0,0,0,0,1,1,1,0,0,1,0,0,1,1,0,1,0,0,0,1,0,1,0,1,1,1,0,0,1,0,1,1,1,0,1,1,0,0,1,0,0,1,1,1,1,1,1,0,0,0,0,1,0,0,1,0,neg
0,1,0,0,0,0,0,1,0,1,1,1,0,1,1,1,0,0,0,1,1,1,0,0,0,1,0,0,0,0,0,0,0,0,1,1,1,1,0,0,0,1,0,1,1,1,0,0,1,0,0,0,0,0,1,1,1,0,0,0,1,0,0,1,1,1,1,0,1,1,0,0,0,1,1,0,1,0,neg
0,1,0,1,0,1,0,1,0,1,1,1,0,0,0,1,0,0,1,1,1,0,0,0,1,0,0,0,1,1,0,0,1,0,0,1,1,1,0,1,0,1,0,1,1,1,1,1,1,1,0,0,0,0,1,1,1,1,0,1,0,0,0,1,1,1,1,0,1,0,0,0,1,1,1,0,1,0,neg
0,1,1,0,0,1,0,0,0,1,0,1,0,0,1,0,1,0,1,0,1,1,0,1,1,0,1,0,1,1,1,0,0,1,1,0,0,1,0,1,0,1,0,1,1,0,1,1,0,0,0,0,1,1,1,1,1,0,0,1,0,0,0,1,0,1,1,1,0,0,0,0,0,1,1,0,1,1,neg
0,1,1,0,0,0,1,1,0,0,1,0,0,0,0,0,0,1,1,1,0,0,0,0,0,0,0,0,1,0,0,0,0,1,1,0,0,1,0,0,1,1,1,1,0,0,0,0,0,0,0,1,0,0,0,0,0,1,0,1,1,0,0,1,0,1,0,0,0,0,0,0,0,0,0,0,0,1,neg
0,1,1,1,0,0,0,0,0,0,1,0,0,1,0,0,1,0,0,1,1,0,0,0,1,0,1,0,1,1,0,0,1,0,1,0,1,1,1,0,1,1,0,1,1,0,0,1,0,0,1,1,0,0,0,1,1,1,0,0,1,0,1,1,1,1,0,0,0,0,0,0,1,0,1,0,0,0,neg
1,1,0,0,0,0,1,0,0,0,0,0,0,1,0,0,0,1,0,1,1,0,1,0,0,1,0,0,0,1,0,0,1,1,1,0,0,1,1,0,1,1,0,1,0,0,0,0,1,0,0,0,0,1,0,0,1,1,0,0,1,0,0,1,0,0,1,0,0,1,0,0,0,0,0,0,1,1,neg
0,1,1,0,0,0,0,0,1,1,1,1,0,0,1,1,0,0,0,0,1,1,0,0,0,1,1,0,0,0,0,0,0,0,1,1,1,0,0,0,1,1,0,1,0,1,0,1,1,0,0,1,1,0,1,0,1,1,0,1,1,0,1,0,1,1,1,0,0,1,0,0,0,1,1,0,0,0,neg
0,1,0,0,1,0,0,1,0,1,1,1,0,1,1,1,1,1,1,1,1,0,0,0,0,1,1,0,1,1,1,0,0,0,1,1,1,1,0,1,0,1,1,1,1,0,1,1,1,0,0,0,1,1,1,0,1,0,1,1,0,0,0,0,0,1,1,0,1,1,0,0,1,1,1,1,1,0,neg
1,1,0,0,0,1,0,1,0,1,1,1,0,1,0,0,0,0,1,1,1,0,0,0,1,1,1,0,1,0,1,0,0,1,1,1,1,1,0,1,0,0,0,1,0,1,0,1,1,0,1,0,0,1,1,1,1,0,0,0,1,1,0,1,1,1,1,0,1,1,0,0,0,1,1,1,1,1,neg
0,1,0,0,0,0,1,1,0,1,0,1,1,0,0,0,1,0,1,0,0,1,1,0,1,0,1,1,1,1,1,0,1,0,1,1,0,1,0,0,0,1,1,1,1,1,0,1,1,0,0,1,0,0,1,0,1,1,0,1,0,0,0,1,1,0,0,0,1,1,0,1,0,1,1,0,0,0,neg
0,1,0,0,0,0,0,1,0,1,0,1,0,1,1,0,0,1,0,0,1,0,1,0,1,1,0,1,0,0,0,1,1,0,1,1,1,1,0,0,0,1,1,1,0,1,1,0,1,0,0,0,0,0,0,0,1,0,0,1,0,0,0,1,0,0,0,0,1,1,0,0,0,0,1,0,1,0,neg
0,1,0,0,0,0,0,1,0,1,1,1,1,1,1,1,1,0,0,0,1,0,1,0,0,1,0,0,0,1,0,1,0,0,1,1,1,1,0,0,0,0,0,1,0,0,1,1,0,0,0,0,0,0,0,0,1,1,0,0,0,0,0,1,0,1,1,0,1,1,0,0,0,0,1,0,1,0,neg
1,1,0,1,1,0,0,0,0,1,1,1,0,0,0,0,1,0,1,0,1,0,0,1,1,0,0,0,0,0,0,0,0,0,1,1,0,1,0,0,0,0,0,0,0,1,1,0,1,1,0,1,1,1,1,1,1,1,0,1,0,0,0,1,0,1,1,0,1,1,0,1,0,0,0,1,1,0,neg
1,0,0,0,0,0,1,0,0,0,0,0,0,0,1,0,1,0,1,0,0,0,0,0,0,0,0,0,0,0,1,0,0,0,0,0,0,0,0,0,0,1,0,0,1,0,0,1,0,0,1,0,0,1,0,0,0,0,0,0,0,0,1,1,1,0,1,1,0,0,0,0,0,1,0,0,0,0,neg
1,1,1,0,0,1,0,1,1,1,1,1,0,1,1,1,1,1,0,0,1,0,0,0,0,1,1,0,1,0,0,0,1,1,1,0,1,1,1,1,0,1,0,1,0,0,1,0,1,1,0,0,1,1,1,0,1,1,0,1,1,0,0,0,0,1,1,0,1,1,0,1,0,0,1,0,1,1,neg
0,1,1,0,0,0,0,1,1,1,1,1,0,0,0,1,1,1,1,1,1,1,0,0,0,1,0,0,0,1,1,0,1,1,1,1,0,1,0,0,1,1,1,1,0,1,1,1,1,1,1,0,0,1,0,1,0,0,1,0,0,0,1,1,1,0,0,1,0,1,0,1,0,0,0,1,1,1,neg
1,1,0,0,1,0,0,0,0,1,1,1,1,1,1,1,1,0,1,0,1,0,1,0,0,1,1,0,1,1,1,0,0,0,1,0,0,1,0,0,0,0,1,1,1,0,0,0,0,0,0,0,0,1,1,0,1,1,1,1,1,1,0,1,0,1,1,0,1,0,0,0,1,0,1,0,1,0,neg
0,1,1,0,0,0,1,1,0,1,1,1,0,0,0,1,1,1,1,1,1,1,0,0,0,1,0,1,1,0,0,0,0,0,1,1,1,1,1,1,0,1,0,1,1,1,1,1,0,1,0,0,0,0,0,1,0,1,0,0,0,0,1,0,0,0,1,0,1,0,1,1,0,0,1,1,0,0,neg
1,1,1,0,1,0,0,1,1,1,1,1,0,0,1,0,1,1,0,1,1,0,0,0,0,1,1,0,1,0,0,1,0,0,1,1,1,0,1,1,0,1,0,1,0,1,0,1,1,1,0,0,1,1,1,0,0,1,0,0,0,0,0,1,1,1,1,0,0,1,0,0,0,1,1,0,1,0,neg
0,1,1,0,0,0,1,0,1,0,1,1,0,1,1,1,1,0,0,0,1,0,0,0,1,1,1,0,1,1,0,0,0,0,1,1,1,1,1,1,0,0,0,1,0,1,0,1,0,1,1,0,1,0,1,1,1,0,0,1,1,0,0,1,1,0,0,0,1,1,0,0,1,0,1,0,1,0,neg
0,1,1,0,1,1,1,1,1,1,1,1,0,0,1,1,1,0,1,1,1,1,0,1,0,1,1,0,1,0,0,0,0,0,1,1,0,1,0,1,0,1,0,1,1,1,1,1,1,0,0,1,1,1,1,1,1,1,0,0,0,0,0,1,1,1,1,0,1,1,0,1,1,1,1,1,1,0,neg
0,1,1,0,1,0,0,1,0,1,1,1,1,1,1,0,1,1,1,0,0,1,1,0,1,1,1,0,1,0,1,0,1,1,1,1,1,1,1,0,1,1,0,0,1,1,0,0,0,1,1,1,1,1,1,0,1,1,0,0,1,1,0,0,1,1,0,0,0,1,0,1,1,1,1,0,0,1,neg
0,1,0,0,0,0,0,1,0,1,1,1,0,1,1,0,1,1,1,0,1,1,0,0,0,1,1,0,1,1,1,0,0,0,1,1,1,1,1,1,0,1,1,1,0,1,0,1,1,1,1,1,1,1,1,0,1,1,0,1,1,0,0,1,1,1,1,1,1,0,0,0,0,1,1,0,1,1,neg
0,1,1,1,1,1,1,1,1,1,1,1,0,0,1,1,1,0,1,0,1,0,0,0,0,0,1,0,0,0,1,0,1,1,1,1,1,1,1,0,1,1,0,1,0,1,1,0,0,0,1,0,1,0,1,0,1,1,1,1,1,1,0,0,1,0,1,0,1,0,0,0,0,0,1,0,1,1,neg
0,1,0,0,0,1,1,1,0,1,1,1,0,0,1,1,0,1,1,0,1,0,0,0,0,0,0,1,1,0,0,0,1,0,1,0,1,1,0,1,0,1,0,1,0,1,1,1,1,0,0,0,1,1,1,1,1,1,1,0,0,0,0,1,1,1,1,0,1,1,0,1,0,0,1,0,1,0,neg
0,1,1,1,0,0,0,1,0,1,1,1,0,1,1,0,1,1,0,0,1,0,0,1,0,1,1,0,1,1,0,0,0,0,1,1,1,1,1,1,0,1,1,1,1,1,1,1,1,0,0,0,1,1,1,1,0,1,0,0,1,0,0,1,1,1,1,1,1,1,1,1,0,1,1,1,1,0,neg
1,1,1,1,0,0,0,1,0,1,1,1,1,0,1,1,1,0,1,1,1,1,1,1,0,1,1,0,0,1,0,0,1,1,1,0,0,0,0,0,0,1,0,0,1,1,0,1,0,0,0,0,1,0,0,0,0,1,0,1,0,0,0,1,0,1,1,0,0,0,0,0,0,1,1,0,0,1,neg
1,1,0,0,0,0,1,1,0,1,1,1,0,1,1,1,1,0,0,1,0,1,0,1,0,1,0,0,0,0,0,0,1,0,1,1,0,1,1,1,0,1,1,0,0,1,1,1,0,1,1,1,1,1,1,0,1,1,0,1,0,0,0,1,1,0,1,0,1,1,0,0,1,0,1,0,0,0,neg
0,1,0,1,0,0,0,1,0,0,1,1,0,1,1,1,0,1,1,0,1,1,1,0,0,1,1,0,0,0,0,1,0,0,1,1,0,1,1,0,0,1,0,1,0,0,1,1,0,0,0,0,1,1,1,0,0,1,0,1,0,0,1,0,1,0,1,0,0,1,0,0,1,0,0,0,0,0,neg
0,0,0,0,0,0,0,0,1,1,0,0,0,0,1,0,1,1,0,1,0,0,0,0,0,1,1,1,0,0,1,0,1,0,0,0,0,0,0,1,1,1,0,1,1,0,1,0,1,1,0,1,0,0,1,0,1,1,0,0,0,0,1,0,1,0,1,0,1,0,0,0,0,0,1,0,1,0,neg
0,1,0,0,0,0,1,0,0,1,0,1,1,0,1,0,1,1,1,1,1,0,1,0,0,1,0,0,1,1,1,0,0,0,1,0,0,1,1,0,0,1,1,1,0,1,1,0,1,1,1,1,1,0,1,0,0,1,0,1,1,1,1,1,0,1,1,0,1,0,0,1,0,0,1,1,1,0,neg
0,0,0,0,0,0,0,0,0,0,0,0,1,1,0,0,0,1,0,0,0,1,1,0,0,0,0,1,0,0,1,0,1,0,1,0,1,1,0,0,0,1,1,0,1,0,0,0,0,1,0,0,0,0,0,0,0,0,0,0,0,0,0,0,1,0,0,0,1,0,0,0,0,0,1,0,0,0,neg
0,1,1,0,1,1,0,1,1,1,1,1,0,0,1,0,1,1,1,1,1,0,0,1,0,0,1,0,0,0,0,0,0,0,0,0,0,1,0,1,0,1,1,1,0,1,0,1,1,0,0,1,0,1,1,1,1,1,0,0,0,0,0,1,1,1,0,1,0,0,1,1,0,1,1,1,0,1,neg
1,1,0,0,1,1,0,0,0,0,0,1,0,0,1,0,1,0,1,0,1,0,0,0,0,1,0,0,1,1,1,0,0,0,0,0,1,1,0,0,0,0,0,1,0,1,0,1,1,1,0,0,0,1,1,1,0,1,0,1,0,0,1,0,0,1,0,0,1,1,0,1,1,0,1,0,0,1,neg
1,1,0,0,1,0,0,1,0,1,1,1,0,0,1,1,1,1,1,0,1,1,0,1,0,1,1,0,0,0,0,0,0,0,1,1,1,1,0,1,0,1,1,1,1,1,0,1,1,1,1,0,1,1,1,0,1,1,0,1,0,0,0,1,0,1,1,0,1,1,1,0,0,1,1,0,1,1,neg
1,1,0,0,0,0,0,0,0,0,1,1,1,0,1,0,0,1,0,0,0,1,1,0,0,1,0,0,1,1,1,0,0,0,0,1,0,0,1,0,0,1,0,0,0,0,0,0,0,0,1,0,1,0,1,0,0,1,0,0,0,0,1,0,0,1,0,0,0,0,0,0,0,1,1,0,0,0,neg
1,1,0,1,0,0,0,0,0,1,1,1,0,1,1,1,1,0,0,0,0,0,0,0,1,0,1,1,1,0,1,0,0,1,1,0,1,0,1,0,0,1,0,0,1,1,0,1,1,0,0,0,0,1,0,1,0,1,0,1,1,0,0,0,0,1,0,0,0,0,0,1,0,0,1,0,0,1,neg
0,1,1,0,0,0,0,0,0,1,1,1,0,0,1,0,1,0,1,1,1,1,0,0,0,1,1,0,1,0,1,0,0,0,1,1,1,1,0,0,0,0,0,1,1,0,0,1,0,0,1,0,0,0,1,1,0,1,0,0,0,0,0,0,0,1,0,0,0,0,0,1,1,1,1,0,0,0,neg
0,1,0,0,0,1,0,1,0,1,1,1,0,0,1,0,1,0,0,0,1,0,1,1,0,1,1,0,0,0,1,0,1,0,0,1,1,0,0,1,0,1,0,1,0,1,1,1,0,0,1,0,0,0,1,1,0,1,0,1,0,0,0,0,0,0,0,0,0,0,0,1,1,0,1,0,0,0,neg
0,1,0,1,0,0,0,1,1,0,1,1,0,0,1,1,1,0,1,1,1,0,0,0,1,0,0,0,0,1,1,0,1,0,1,1,0,1,1,1,1,1,1,1,0,1,0,0,1,1,0,0,1,1,1,1,1,0,0,0,1,0,0,0,0,1,1,1,1,1,0,0,1,1,0,0,1,0,neg
0,0,0,0,0,1,1,0,1,0,1,1,1,0,0,0,0,0,1,0,1,0,0,0,1,1,0,1,0,0,0,0,1,0,1,0,1,1,1,1,0,1,0,1,1,1,1,0,0,0,0,1,0,1,1,1,0,1,0,0,0,0,1,1,0,0,0,0,1,0,0,0,0,0,0,1,1,0,neg
0,1,0,1,0,0,1,1,0,1,1,0,0,0,1,0,1,0,1,0,1,0,0,0,0,1,1,0,1,1,0,0,0,0,1,1,1,0,0,0,0,0,0,1,0,1,1,1,1,0,1,1,0,1,1,1,0,1,1,1,1,1,1,1,1,0,0,1,0,1,0,0,1,0,1,0,1,1,neg
0,1,0,0,0,1,0,0,0,1,0,0,0,0,1,1,1,1,1,0,0,1,1,0,0,1,1,0,0,1,1,0,1,0,1,0,1,1,0,1,0,1,0,1,0,1,0,1,1,0,1,1,0,0,1,1,1,1,0,0,0,0,0,1,0,1,1,1,1,0,0,1,0,1,1,1,1,0,neg
1,1,1,0,0,0,0,0,0,0,1,1,0,0,1,1,1,1,1,1,1,0,0,0,1,1,0,1,1,1,1,0,1,0,1,1,1,1,0,0,0,1,1,1,1,1,0,0,1,0,1,0,0,0,1,0,1,0,1,1,0,0,0,0,1,0,0,0,1,1,0,1,0,0,1,0,1,0,neg
1,1,1,0,0,1,0,1,0,1,1,1,0,0,0,0,1,1,1,1,1,1,0,0,1,0,1,0,0,1,1,0,1,0,1,1,1,1,0,0,0,1,0,1,0,0,0,0,1,1,0,0,1,1,0,1,0,1,0,0,0,1,1,1,0,1,1,0,1,0,0,1,0,0,1,1,1,0,neg
1,1,0,0,0,0,0,1,0,0,1,1,0,1,0,1,1,1,1,1,1,1,1,0,0,1,0,0,1,1,1,1,0,0,1,1,1,1,0,0,0,1,1,1,1,1,0,1,1,0,1,1,0,1,1,0,0,1,0,1,1,0,0,1,1,0,1,0,0,0,0,1,1,0,1,0,1,0,neg
0,1,0,0,0,0,0,0,1,0,0,1,0,1,1,0,0,0,0,0,1,0,0,0,0,1,1,0,1,1,1,0,1,0,0,0,1,0,0,1,0,1,0,1,0,0,0,1,1,0,1,1,0,0,0,0,1,1,1,0,0,0,0,1,1,0,1,0,1,1,0,0,0,1,1,0,1,0,neg
1,0,0,1,0,1,0,1,0,1,1,1,0,0,1,1,1,0,0,0,1,1,0,1,0,1,1,0,1,0,1,1,0,0,1,1,0,1,1,1,0,1,0,1,1,1,0,1,1,1,1,0,1,0,1,1,0,1,0,1,0,0,1,1,1,1,0,1,1,1,1,1,1,1,1,0,1,0,neg
0,1,0,0,0,0,0,0,0,1,0,1,0,0,1,0,1,0,0,1,1,0,0,0,0,0,0,0,0,1,0,0,0,0,1,0,0,1,0,0,1,1,1,1,0,0,1,1,0,0,1,1,1,0,1,0,0,1,0,0,1,0,0,0,0,1,0,0,1,1,0,0,1,0,1,0,1,0,neg
0,1,0,0,0,0,1,1,0,1,1,1,0,1,1,1,1,0,0,1,1,1,0,0,1,1,1,1,0,0,0,0,0,0,1,1,1,0,0,1,0,0,0,1,1,1,0,0,1,1,1,0,1,0,0,1,1,1,0,0,1,0,0,1,1,1,0,0,1,0,0,1,1,1,0,0,1,0,neg
0,1,0,1,1,0,0,1,0,1,1,1,0,0,1,1,0,1,1,1,1,0,0,0,0,1,1,1,0,0,0,0,1,0,1,0,1,1,0,1,0,1,0,1,1,0,0,1,1,0,0,0,1,1,1,1,1,0,0,0,0,1,0,1,1,1,1,0,1,0,0,1,1,1,1,1,1,0,neg
0,0,1,1,0,0,0,0,0,1,1,0,0,1,0,0,0,1,0,0,1,0,0,0,0,0,1,0,1,0,0,1,0,0,0,0,0,1,1,0,1,0,1,1,0,0,0,1,0,0,0,1,0,0,0,1,0,1,0,1,1,0,0,1,0,1,0,0,0,0,0,0,0,0,0,0,0,0,neg
0,1,0,0,0,0,0,1,0,1,1,1,0,1,1,0,1,1,1,1,1,0,0,0,0,1,1,0,1,1,1,0,0,1,1,1,0,1,1,0,1,1,0,1,1,1,1,1,1,0,1,1,1,0,1,0,1,1,1,1,1,0,0,1,1,1,1,0,1,1,0,0,1,1,1,1,1,1,neg
0,1,0,0,0,0,0,1,0,1,1,0,0,1,1,0,1,0,1,1,0,0,1,0,0,0,1,0,1,0,0,0,0,0,1,0,0,0,1,1,1,1,0,0,0,0,1,0,0,0,0,0,1,1,1,0,1,0,0,0,1,0,0,0,1,1,0,0,0,0,0,0,0,1,0,0,0,0,neg
1,0,0,1,1,0,1,1,0,0,1,0,0,0,1,0,1,1,1,0,0,0,0,0,0,0,0,1,1,1,1,1,0,0,1,0,1,1,0,0,1,0,0,1,1,0,0,0,0,0,1,1,0,0,0,0,0,0,1,0,0,1,0,1,1,0,1,0,1,0,0,0,0,0,1,0,0,0,neg
0,0,0,0,1,0,0,0,0,0,0,0,0,1,0,0,1,0,0,0,0,0,1,0,0,0,0,0,1,0,1,0,1,0,1,1,0,1,1,0,0,0,0,0,0,1,0,0,0,0,0,0,0,1,0,0,0,1,0,0,1,1,1,0,0,0,0,1,0,1,0,0,1,0,1,0,0,0,neg
0,1,1,0,0,0,0,0,0,1,1,1,0,1,0,1,1,1,0,1,1,1,1,0,1,1,0,0,1,1,1,0,1,1,1,0,0,1,1,1,0,0,1,1,0,0,0,0,0,0,1,0,1,0,0,1,1,1,1,0,1,1,1,0,1,0,1,0,1,1,0,0,1,1,1,0,0,1,neg
1,1,1,0,1,1,0,1,1,1,1,1,0,1,1,1,1,0,0,1,1,0,0,0,0,0,1,0,1,1,1,1,1,0,1,1,0,1,0,1,0,1,0,1,1,1,0,0,0,0,0,1,1,1,0,1,0,1,0,1,1,0,0,0,0,0,1,0,0,0,0,0,0,1,1,1,1,1,neg
1,1,0,0,0,0,0,0,0,1,1,0,0,0,0,0,1,1,1,0,0,0,0,0,0,0,1,0,1,1,0,0,1,0,0,0,1,1,0,0,1,1,0,0,0,1,1,0,1,0,0,0,1,0,1,1,1,0,0,0,1,0,1,1,1,1,0,0,1,0,0,0,1,1,0,1,1,0,neg
0,1,1,0,1,0,0,0,0,1,0,1,0,1,0,0,1,0,1,0,1,0,0,0,1,0,0,1,1,0,0,1,0,0,1,1,0,0,1,1,1,1,0,1,1,1,1,0,0,0,1,1,1,0,1,1,0,0,0,0,1,0,0,1,1,1,1,0,1,1,0,0,0,1,0,0,1,0,neg
0,1,0,1,1,0,0,1,0,0,0,1,0,1,1,0,1,0,1,1,1,0,0,0,0,0,1,1,1,0,1,0,1,1,1,1,1,1,1,0,0,1,0,1,1,0,0,1,1,0,0,1,1,0,1,1,0,1,0,0,0,0,0,1,0,1,0,0,1,0,0,0,0,0,0,0,0,1,neg
1,1,0,0,1,0,0,1,1,0,1,1,0,0,1,0,1,1,1,1,0,0,0,1,1,0,1,0,1,1,1,0,1,1,1,0,1,0,0,1,1,1,0,1,1,1,1,1,0,1,0,1,1,1,0,0,0,1,0,1,0,0,0,0,0,1,0,0,1,0,0,0,0,1,1,0,0,1,neg
1,1,1,0,0,0,0,0,0,1,1,1,0,1,1,0,1,1,1,0,1,0,0,1,0,1,1,0,1,0,1,0,1,0,1,1,1,1,0,0,1,1,1,1,0,1,0,0,1,1,1,0,1,1,1,1,0,1,0,0,0,1,0,1,0,1,1,0,1,1,0,1,0,0,0,0,1,1,neg
0,1,0,0,0,1,0,1,0,1,1,1,0,0,1,0,1,1,1,0,1,0,0,0,0,1,1,0,0,1,0,0,1,0,1,1,1,1,1,1,1,1,0,1,1,1,1,1,1,1,1,0,1,1,1,1,1,1,0,1,0,0,0,1,0,1,1,0,1,0,0,1,0,0,1,1,1,0,neg
0,1,0,1,0,1,1,1,0,1,1,1,0,1,1,0,1,0,0,1,1,0,0,0,0,1,1,0,1,0,1,0,0,0,1,1,1,1,1,0,1,1,0,1,1,1,1,0,1,1,0,1,1,0,1,0,0,1,1,1,1,0,0,0,1,1,0,0,1,1,1,0,1,1,1,1,1,0,neg
0,1,0,0,0,1,0,1,1,1,0,0,0,1,0,0,1,0,0,1,1,0,0,0,1,0,1,1,0,1,0,0,1,0,0,1,1,1,1,0,1,0,1,0,1,0,0,0,1,0,1,0,0,0,1,1,0,0,0,1,1,0,1,1,0,0,0,0,0,0,1,0,0,1,1,1,1,0,neg
0,1,0,0,0,0,0,1,0,1,1,1,0,0,0,0,0,1,1,0,1,0,1,0,0,1,0,0,0,0,0,1,1,0,1,0,0,0,0,0,0,1,1,1,0,1,1,1,0,1,1,1,1,1,1,0,1,0,0,0,0,0,0,0,1,1,1,0,1,1,0,0,0,0,0,0,1,0,neg
1,1,0,0,0,0,0,0,0,1,1,1,0,1,1,1,1,1,0,0,0,1,0,0,0,1,1,0,1,1,0,0,0,1,1,1,1,1,1,1,0,1,0,1,0,1,1,1,0,0,0,1,1,0,1,0,0,1,0,1,0,0,1,0,1,1,0,0,1,1,0,1,0,0,1,0,1,1,neg
0,1,0,0,0,1,0,1,0,0,0,1,0,1,1,0,1,0,0,1,1,0,0,0,0,0,0,0,0,0,1,0,1,1,1,1,1,1,0,0,1,0,0,1,1,1,0,0,1,0,1,1,0,1,1,1,0,1,1,0,0,0,0,1,1,1,1,0,1,1,0,1,0,1,0,1,0,1,neg
0,1,0,0,0,0,0,1,0,0,1,1,0,0,1,0,1,1,1,1,1,0,0,0,0,1,1,1,1,0,0,0,0,0,1,1,1,1,0,0,1,1,1,1,1,0,0,0,1,1,1,1,1,0,1,0,1,0,0,1,1,0,0,1,1,0,1,1,1,1,0,0,0,1,1,0,1,0,neg
1,1,1,0,1,0,1,1,1,1,1,1,0,0,1,0,1,1,0,1,1,0,0,1,0,1,1,1,1,0,1,0,0,0,1,1,1,1,0,0,0,1,0,1,1,1,1,1,1,0,1,1,1,1,1,0,0,1,0,1,0,0,1,1,1,1,0,1,1,0,1,0,0,1,1,0,1,1,neg
0,1,1,0,0,0,0,0,0,0,0,1,0,0,1,0,1,1,0,0,0,0,1,0,0,1,0,0,1,1,1,0,0,0,1,0,1,1,1,0,0,1,0,1,0,1,0,0,0,0,0,1,1,0,1,0,0,1,0,0,0,1,0,1,0,0,0,0,1,1,0,0,1,0,1,0,0,0,neg
0,1,0,0,0,0,0,0,1,1,0,1,0,0,1,0,1,0,1,0,0,0,0,0,1,1,1,0,0,0,0,0,1,0,1,0,1,1,1,0,0,1,0,1,0,0,1,1,0,0,0,1,1,0,1,0,0,1,0,0,0,0,1,0,1,0,0,0,0,1,0,0,0,0,0,0,0,1,neg
0,1,0,0,0,0,0,1,0,0,1,0,0,0,0,0,1,0,0,0,1,0,0,0,1,1,1,0,1,0,0,0,0,1,1,1,1,1,0,1,0,1,0,0,0,1,0,1,1,1,0,1,1,0,1,0,0,0,1,0,0,0,0,0,1,1,0,0,0,1,0,0,1,1,0,1,0,1,neg
0,0,0,0,0,0,0,1,1,0,0,1,0,0,0,0,1,0,1,0,1,0,0,0,0,0,0,0,0,1,1,1,0,1,0,0,1,1,0,0,0,0,0,0,0,0,0,0,0,1,0,0,1,0,1,1,0,1,0,0,0,0,0,1,1,1,1,0,1,1,0,0,0,0,1,1,0,1,neg
1,1,0,0,0,0,0,1,1,1,1,1,0,0,0,1,1,1,0,1,1,1,0,0,0,0,1,0,1,1,0,0,0,0,1,1,1,0,0,1,0,1,0,1,0,1,0,1,1,0,1,1,1,1,1,0,0,1,1,0,0,0,0,1,1,1,1,0,1,1,0,1,1,1,1,0,1,0,neg
0,1,0,1,0,0,1,1,1,1,1,1,0,0,1,0,1,0,0,0,1,1,0,0,0,1,1,0,0,1,0,0,0,0,1,0,0,1,0,0,1,1,0,1,0,1,1,1,0,1,1,1,1,0,1,0,0,1,1,0,1,0,0,1,0,1,1,0,0,0,0,0,0,1,1,0,0,1,neg
0,1,0,1,0,0,1,0,0,1,1,1,0,1,0,1,1,0,1,0,1,0,0,0,0,0,1,0,1,1,1,1,1,0,1,0,1,1,1,0,0,1,0,1,1,0,1,1,1,1,1,1,1,1,1,0,0,1,0,0,1,0,0,1,1,1,0,1,1,1,0,0,0,1,1,0,1,0,neg
0,1,0,0,0,1,0,1,0,1,1,1,0,0,0,1,0,1,0,0,1,1,0,0,0,0,0,0,0,0,1,0,1,1,1,0,0,1,0,0,1,1,1,0,1,0,0,0,1,0,0,0,0,0,1,1,0,0,0,0,1,0,0,1,0,0,1,0,1,1,0,1,0,0,0,1,0,1,neg
1,0,0,0,0,0,0,0,0,0,1,1,0,0,0,0,0,0,0,1,0,1,0,0,0,1,1,0,0,0,0,0,0,0,1,0,1,0,1,0,0,0,0,1,0,0,0,1,0,0,0,1,1,1,1,0,0,1,0,1,1,0,0,0,0,0,0,0,1,1,0,1,0,1,1,0,0,0,neg
0,1,0,0,0,0,0,0,1,0,0,1,0,0,0,0,0,0,0,1,1,1,0,0,0,1,0,0,0,1,1,0,1,0,0,0,1,1,0,0,1,1,0,1,1,0,0,0,0,0,0,0,0,0,0,1,1,1,0,0,1,0,0,0,0,1,0,0,1,0,0,0,0,0,1,0,1,0,neg
1,0,1,1,1,0,1,0,0,1,0,0,1,0,0,0,0,0,1,0,0,0,1,0,0,0,0,0,1,0,1,1,0,0,0,0,0,1,1,0,0,1,0,0,1,0,1,0,1,0,1,0,0,1,0,0,0,0,0,0,1,0,0,1,0,0,1,0,0,0,1,0,1,0,1,0,0,0,neg
