Motif,ForeCov,ForeNumSeqs,BackCov,BackNumSeqs,TP,FN,FP,TN,SN,SP,ACC
DME_RMGGAMAA,51.4,37,31.0,67,37,35,67,149,51.3888888889,68.9814814815,64.5833333333
DME_TGAGAAGTGAAAAC,33.3,24,31.5,68,24,48,68,148,33.3333333333,68.5185185185,59.7222222222
DME_AAGCAAMGAAGS,33.3,24,28.7,62,24,48,62,154,33.3333333333,71.2962962963,61.8055555556
DME_AAGARAAAAW,95.8,69,81.9,177,69,3,177,39,95.8333333333,18.0555555556,37.5
DME_AAAATCAGTGATAAGG,34.7,25,30.6,66,25,47,66,150,34.7222222222,69.4444444444,60.7638888889
DME_WRMAATGAYM,87.5,63,55.1,119,63,9,119,97,87.5,44.9074074074,55.5555555556
DECOD_Motif6_10,62.5,45,51.4,111,45,27,111,105,62.5,48.6111111111,52.0833333333
DME_WAYTKGMTSA,52.8,38,33.3,72,38,34,72,144,52.7777777778,66.6666666667,63.1944444444
DME_TGAATGAA,52.8,38,41.2,89,38,34,89,127,52.7777777778,58.7962962963,57.2916666667
DME_TAATGAATTAATTA,90.3,65,68.5,148,65,7,148,68,90.2777777778,31.4814814815,46.1805555556
DME_GAATCGAAAACTGGAA,33.3,24,27.3,59,24,48,59,157,33.3333333333,72.6851851852,62.8472222222
DME_GCAAWGAW,45.8,33,24.1,52,33,39,52,164,45.8333333333,75.9259259259,68.4027777778
DME_AAGCAAAA,40.3,29,14.8,32,29,43,32,184,40.2777777778,85.1851851852,73.9583333333
DME_GCAATTTA,47.2,34,28.2,61,34,38,61,155,47.2222222222,71.7592592593,65.625
DME_AATAATTGAA,77.8,56,56.0,121,56,16,121,95,77.7777777778,43.9814814815,52.4305555556
DME_CDKTYWBCAA,52.8,38,24.5,53,38,34,53,163,52.7777777778,75.462962963,69.7916666667
DME_GACARAAK,34.7,25,21.8,47,25,47,47,169,34.7222222222,78.2407407407,67.3611111111
DME_TGTTGAGAAGTGAAAA,58.3,42,42.1,91,42,30,91,125,58.3333333333,57.8703703704,57.9861111111
DECOD_Motif10_10,75.0,54,46.3,100,54,18,100,116,75.0,53.7037037037,59.0277777778
gimme_56_Improbizer_AATGGAAGGAAAA,93.1,67,71.8,155,67,5,155,61,93.0555555556,28.2407407407,44.4444444444
DME_CWGVAADYYAAV,45.8,33,33.8,73,33,39,73,143,45.8333333333,66.2037037037,61.1111111111
DME_CAATGAAT,48.6,35,29.2,63,35,37,63,153,48.6111111111,70.8333333333,65.2777777778
DME_CAATGATA,47.2,34,26.9,58,34,38,58,158,47.2222222222,73.1481481481,66.6666666667
DME_KSAVKTTAWMAA,75.0,54,49.5,107,54,18,107,109,75.0,50.462962963,56.5972222222
DME_MAVTKATMAG,51.4,37,38.0,82,37,35,82,134,51.3888888889,62.037037037,59.375
DME_GAAVRKGC,31.9,23,10.2,22,23,49,22,194,31.9444444444,89.8148148148,75.3472222222
DME_WCRTACAMWT,47.2,34,35.6,77,34,38,77,139,47.2222222222,64.3518518519,60.0694444444
DME_CATCAATGGAAAAA,48.6,35,41.7,90,35,37,90,126,48.6111111111,58.3333333333,55.9027777778
DME_GCTAAAAT,43.1,31,29.2,63,31,41,63,153,43.0555555556,70.8333333333,63.8888888889
gimme_124_MEME_2_w14,100.0,72,85.2,184,72,0,184,32,100.0,14.8148148148,36.1111111111
DME_SAAAATGS,48.6,35,33.8,73,35,37,73,143,48.6111111111,66.2037037037,61.8055555556
DME_SARMCATAYA,37.5,27,27.8,60,27,45,60,156,37.5,72.2222222222,63.5416666667
DME_AAAGGAAA,34.7,25,19.0,41,25,47,41,175,34.7222222222,81.0185185185,69.4444444444
DME_CTGGTCAAAGAGAAAA,38.9,28,19.4,42,28,44,42,174,38.8888888889,80.5555555556,70.1388888889
DME_CAMWSMYMARHK,69.4,50,41.2,89,50,22,89,127,69.4444444444,58.7962962963,61.4583333333
DME_TGAAASYG,55.6,40,29.2,63,40,32,63,153,55.5555555556,70.8333333333,67.0138888889
DME_RCAAAMGT,36.1,26,17.1,37,26,46,37,179,36.1111111111,82.8703703704,71.1805555556
DME_GCAAKTYA,45.8,33,23.6,51,33,39,51,165,45.8333333333,76.3888888889,68.75
DME_AVGAAAGK,43.1,31,24.1,52,31,41,52,164,43.0555555556,75.9259259259,67.7083333333
gimme_60_Improbizer_TTACTTCT,66.7,48,38.9,84,48,24,84,132,66.6666666667,61.1111111111,62.5
DME_GCAATAAT,45.8,33,26.4,57,33,39,57,159,45.8333333333,73.6111111111,66.6666666667
DME_HTRCAATGRM,51.4,37,28.7,62,37,35,62,154,51.3888888889,71.2962962963,66.3194444444
DME_TGCWATGR,31.9,23,11.1,24,23,49,24,192,31.9444444444,88.8888888889,74.6527777778
DME_HKCRCWTWCA,34.7,25,24.5,53,25,47,53,163,34.7222222222,75.462962963,65.2777777778
gimme_55_Improbizer_TTTCTGTCCTTTTTTT,93.1,67,76.4,165,67,5,165,51,93.0555555556,23.6111111111,40.9722222222
DME_ATKCAATG,34.7,25,19.0,41,25,47,41,175,34.7222222222,81.0185185185,69.4444444444
gimme_72_MDmodule_Motif.14.10,63.9,46,40.3,87,46,26,87,129,63.8888888889,59.7222222222,60.7638888889
DME_CAAATAATTT,83.3,60,57.9,125,60,12,125,91,83.3333333333,42.1296296296,52.4305555556
DME_GAWSRAAAAK,65.3,47,48.1,104,47,25,104,112,65.2777777778,51.8518518519,55.2083333333
gimme_171_Weeder_9,93.1,67,68.1,147,67,5,147,69,93.0555555556,31.9444444444,47.2222222222
DME_AWTGMGCA,33.3,24,19.4,42,24,48,42,174,33.3333333333,80.5555555556,68.75
DME_ATCACAAA,33.3,24,18.5,40,24,48,40,176,33.3333333333,81.4814814815,69.4444444444
DME_AAGTTAACAAGATTGA,51.4,37,31.9,69,37,35,69,147,51.3888888889,68.0555555556,63.8888888889
DME_TRAAATGAMA,86.1,62,77.3,167,62,10,167,49,86.1111111111,22.6851851852,38.5416666667
DME_AAGCAAAGAAGCGCAA,30.6,22,15.7,34,22,50,34,182,30.5555555556,84.2592592593,70.8333333333
DME_ATAATAGTAA,70.8,51,41.7,90,51,21,90,126,70.8333333333,58.3333333333,61.4583333333
DME_WSAAAYWTAMAY,52.8,38,50.9,110,38,34,110,106,52.7777777778,49.0740740741,50.0
DME_AGNAAGYAAR,56.9,41,33.3,72,41,31,72,144,56.9444444444,66.6666666667,64.2361111111
DME_AGTGAAAACCTCTAAA,44.4,32,19.0,41,32,40,41,175,44.4444444444,81.0185185185,71.875
DME_KHYMRCAART,52.8,38,30.6,66,38,34,66,150,52.7777777778,69.4444444444,65.2777777778
DME_AAAATGGA,48.6,35,34.7,75,35,37,75,141,48.6111111111,65.2777777778,61.1111111111
DME_ATTAATTAAWTAAT,84.7,61,54.6,118,61,11,118,98,84.7222222222,45.3703703704,55.2083333333
DME_GAATGAAA,56.9,41,35.6,77,41,31,77,139,56.9444444444,64.3518518519,62.5
DECOD_Motif1_8,73.6,53,49.1,106,53,19,106,110,73.6111111111,50.9259259259,56.5972222222
DME_WWTRCAATGR,56.9,41,31.9,69,41,31,69,147,56.9444444444,68.0555555556,65.2777777778
DME_CAAATTTTAA,69.4,50,55.1,119,50,22,119,97,69.4444444444,44.9074074074,51.0416666667
DME_WCARWGAKAA,62.5,45,47.7,103,45,27,103,113,62.5,52.3148148148,54.8611111111
DME_AYYMATKCHT,58.3,42,39.4,85,42,30,85,131,58.3333333333,60.6481481481,60.0694444444
DME_AAAAGTTC,36.1,26,19.9,43,26,46,43,173,36.1111111111,80.0925925926,69.0972222222
DME_GCRGNAAR,36.1,26,20.4,44,26,46,44,172,36.1111111111,79.6296296296,68.75
DME_TACWYWTMCA,40.3,29,25.5,55,29,43,55,161,40.2777777778,74.537037037,65.9722222222
DME_TTGATAAAAA,80.6,58,60.6,131,58,14,131,85,80.5555555556,39.3518518519,49.6527777778
DME_DGAAARGG,40.3,29,22.7,49,29,43,49,167,40.2777777778,77.3148148148,68.0555555556
DME_GRAWAMAAGAWR,94.4,68,80.1,173,68,4,173,43,94.4444444444,19.9074074074,38.5416666667
DME_SHAAAAAAAG,91.7,66,77.8,168,66,6,168,48,91.6666666667,22.2222222222,39.5833333333
DME_HTTYCYRCYW,47.2,34,26.4,57,34,38,57,159,47.2222222222,73.6111111111,67.0138888889
DME_WAWRAAKKAWTGAA,97.2,70,77.8,168,70,2,168,48,97.2222222222,22.2222222222,40.9722222222
DME_TTAATTGAAA,80.6,58,56.0,121,58,14,121,95,80.5555555556,43.9814814815,53.125
